"nombre";"votacion";"link"
"Jorge Alessandri Vergara";"A favor";"https://www.camara.cl/legislacion/sala_sesiones/votacion_detalle.aspx?prmIdVotacion=32538"
"Sebastián Álvarez Ramírez";"A favor";"https://www.camara.cl/legislacion/sala_sesiones/votacion_detalle.aspx?prmIdVotacion=32538"
"Pedro Pablo Alvarez-Salamanca Ramírez";"A favor";"https://www.camara.cl/legislacion/sala_sesiones/votacion_detalle.aspx?prmIdVotacion=32538"
"Sandra Amar Mancilla";"A favor";"https://www.camara.cl/legislacion/sala_sesiones/votacion_detalle.aspx?prmIdVotacion=32538"
"Pepe Auth Stewart";"A favor";"https://www.camara.cl/legislacion/sala_sesiones/votacion_detalle.aspx?prmIdVotacion=32538"
"Nino Baltolu Rasera";"A favor";"https://www.camara.cl/legislacion/sala_sesiones/votacion_detalle.aspx?prmIdVotacion=32538"
"Ramón Barros Montero";"A favor";"https://www.camara.cl/legislacion/sala_sesiones/votacion_detalle.aspx?prmIdVotacion=32538"
"Jaime Bellolio Avaria";"A favor";"https://www.camara.cl/legislacion/sala_sesiones/votacion_detalle.aspx?prmIdVotacion=32538"
"Bernardo Berger Fett";"A favor";"https://www.camara.cl/legislacion/sala_sesiones/votacion_detalle.aspx?prmIdVotacion=32538"
"Sergio Bobadilla Muñoz";"A favor";"https://www.camara.cl/legislacion/sala_sesiones/votacion_detalle.aspx?prmIdVotacion=32538"
"Miguel Ángel Calisto Águila";"A favor";"https://www.camara.cl/legislacion/sala_sesiones/votacion_detalle.aspx?prmIdVotacion=32538"
"Álvaro Carter Fernández";"A favor";"https://www.camara.cl/legislacion/sala_sesiones/votacion_detalle.aspx?prmIdVotacion=32538"
"Loreto Carvajal Ambiado";"A favor";"https://www.camara.cl/legislacion/sala_sesiones/votacion_detalle.aspx?prmIdVotacion=32538"
"José Miguel Castro Bascuñán";"A favor";"https://www.camara.cl/legislacion/sala_sesiones/votacion_detalle.aspx?prmIdVotacion=32538"
"Andrés Celis Montt";"A favor";"https://www.camara.cl/legislacion/sala_sesiones/votacion_detalle.aspx?prmIdVotacion=32538"
"Sofía Cid Versalovic";"A favor";"https://www.camara.cl/legislacion/sala_sesiones/votacion_detalle.aspx?prmIdVotacion=32538"
"Juan Antonio Coloma Álamos";"A favor";"https://www.camara.cl/legislacion/sala_sesiones/votacion_detalle.aspx?prmIdVotacion=32538"
"Luciano Cruz-Coke Carvallo";"A favor";"https://www.camara.cl/legislacion/sala_sesiones/votacion_detalle.aspx?prmIdVotacion=32538"
"Catalina Del Real Mihovilovic";"A favor";"https://www.camara.cl/legislacion/sala_sesiones/votacion_detalle.aspx?prmIdVotacion=32538"
"Mario Desbordes Jiménez";"A favor";"https://www.camara.cl/legislacion/sala_sesiones/votacion_detalle.aspx?prmIdVotacion=32538"
"Jorge Durán Espinoza";"A favor";"https://www.camara.cl/legislacion/sala_sesiones/votacion_detalle.aspx?prmIdVotacion=32538"
"Eduardo Durán Salinas";"A favor";"https://www.camara.cl/legislacion/sala_sesiones/votacion_detalle.aspx?prmIdVotacion=32538"
"Francisco Eguiguren Correa";"A favor";"https://www.camara.cl/legislacion/sala_sesiones/votacion_detalle.aspx?prmIdVotacion=32538"
"Iván Flores García";"A favor";"https://www.camara.cl/legislacion/sala_sesiones/votacion_detalle.aspx?prmIdVotacion=32538"
"Camila Flores Oporto";"A favor";"https://www.camara.cl/legislacion/sala_sesiones/votacion_detalle.aspx?prmIdVotacion=32538"
"Juan Fuenzalida Cobo";"A favor";"https://www.camara.cl/legislacion/sala_sesiones/votacion_detalle.aspx?prmIdVotacion=32538"
"Gonzalo Fuenzalida Figueroa";"A favor";"https://www.camara.cl/legislacion/sala_sesiones/votacion_detalle.aspx?prmIdVotacion=32538"
"Sergio Gahona Salazar";"A favor";"https://www.camara.cl/legislacion/sala_sesiones/votacion_detalle.aspx?prmIdVotacion=32538"
"Ramón Galleguillos Castillo";"A favor";"https://www.camara.cl/legislacion/sala_sesiones/votacion_detalle.aspx?prmIdVotacion=32538"
"René Manuel García García";"A favor";"https://www.camara.cl/legislacion/sala_sesiones/votacion_detalle.aspx?prmIdVotacion=32538"
"Javier Hernández Hernández";"A favor";"https://www.camara.cl/legislacion/sala_sesiones/votacion_detalle.aspx?prmIdVotacion=32538"
"Marcela Hernando Pérez";"A favor";"https://www.camara.cl/legislacion/sala_sesiones/votacion_detalle.aspx?prmIdVotacion=32538"
"María José Hoffmann Opazo";"A favor";"https://www.camara.cl/legislacion/sala_sesiones/votacion_detalle.aspx?prmIdVotacion=32538"
"Carlos Abel Jarpa Wevar";"A favor";"https://www.camara.cl/legislacion/sala_sesiones/votacion_detalle.aspx?prmIdVotacion=32538"
"Harry Jürgensen Rundshagen";"A favor";"https://www.camara.cl/legislacion/sala_sesiones/votacion_detalle.aspx?prmIdVotacion=32538"
"Pablo Kast Sommerhoff";"A favor";"https://www.camara.cl/legislacion/sala_sesiones/votacion_detalle.aspx?prmIdVotacion=32538"
"Sebastián Keitel Bianchi";"A favor";"https://www.camara.cl/legislacion/sala_sesiones/votacion_detalle.aspx?prmIdVotacion=32538"
"Issa Kort Garriga";"A favor";"https://www.camara.cl/legislacion/sala_sesiones/votacion_detalle.aspx?prmIdVotacion=32538"
"Carlos Kuschel Silva";"A favor";"https://www.camara.cl/legislacion/sala_sesiones/votacion_detalle.aspx?prmIdVotacion=32538"
"Joaquín Lavín León";"A favor";"https://www.camara.cl/legislacion/sala_sesiones/votacion_detalle.aspx?prmIdVotacion=32538"
"Andrés Longton Herrera";"A favor";"https://www.camara.cl/legislacion/sala_sesiones/votacion_detalle.aspx?prmIdVotacion=32538"
"Pablo Lorenzini Basso";"A favor";"https://www.camara.cl/legislacion/sala_sesiones/votacion_detalle.aspx?prmIdVotacion=32538"
"Karin Luck Urban";"A favor";"https://www.camara.cl/legislacion/sala_sesiones/votacion_detalle.aspx?prmIdVotacion=32538"
"Javier Macaya Danús";"A favor";"https://www.camara.cl/legislacion/sala_sesiones/votacion_detalle.aspx?prmIdVotacion=32538"
"Manuel Matta Aragay";"A favor";"https://www.camara.cl/legislacion/sala_sesiones/votacion_detalle.aspx?prmIdVotacion=32538"
"Patricio Melero Abaroa";"A favor";"https://www.camara.cl/legislacion/sala_sesiones/votacion_detalle.aspx?prmIdVotacion=32538"
"Cosme Mellado Pino";"A favor";"https://www.camara.cl/legislacion/sala_sesiones/votacion_detalle.aspx?prmIdVotacion=32538"
"Miguel Mellado Suazo";"A favor";"https://www.camara.cl/legislacion/sala_sesiones/votacion_detalle.aspx?prmIdVotacion=32538"
"Fernando Meza Moncada";"A favor";"https://www.camara.cl/legislacion/sala_sesiones/votacion_detalle.aspx?prmIdVotacion=32538"
"Andrés Molina Magofke";"A favor";"https://www.camara.cl/legislacion/sala_sesiones/votacion_detalle.aspx?prmIdVotacion=32538"
"Celso Morales Muñoz";"A favor";"https://www.camara.cl/legislacion/sala_sesiones/votacion_detalle.aspx?prmIdVotacion=32538"
"Cristhian Moreira Barros";"A favor";"https://www.camara.cl/legislacion/sala_sesiones/votacion_detalle.aspx?prmIdVotacion=32538"
"Francesca Muñoz González";"A favor";"https://www.camara.cl/legislacion/sala_sesiones/votacion_detalle.aspx?prmIdVotacion=32538"
"Nicolás Noman Garrido";"A favor";"https://www.camara.cl/legislacion/sala_sesiones/votacion_detalle.aspx?prmIdVotacion=32538"
"Paulina Núñez Urrutia";"A favor";"https://www.camara.cl/legislacion/sala_sesiones/votacion_detalle.aspx?prmIdVotacion=32538"
"Erika Olivera De La Fuente";"A favor";"https://www.camara.cl/legislacion/sala_sesiones/votacion_detalle.aspx?prmIdVotacion=32538"
"José Miguel Ortiz Novoa";"A favor";"https://www.camara.cl/legislacion/sala_sesiones/votacion_detalle.aspx?prmIdVotacion=32538"
"Ximena Ossandón Irarrázabal";"A favor";"https://www.camara.cl/legislacion/sala_sesiones/votacion_detalle.aspx?prmIdVotacion=32538"
"Luis Pardo Sáinz";"A favor";"https://www.camara.cl/legislacion/sala_sesiones/votacion_detalle.aspx?prmIdVotacion=32538"
"Diego Paulsen Kehr";"A favor";"https://www.camara.cl/legislacion/sala_sesiones/votacion_detalle.aspx?prmIdVotacion=32538"
"José Pérez Arriagada";"A favor";"https://www.camara.cl/legislacion/sala_sesiones/votacion_detalle.aspx?prmIdVotacion=32538"
"Leopoldo Pérez Lahsen";"A favor";"https://www.camara.cl/legislacion/sala_sesiones/votacion_detalle.aspx?prmIdVotacion=32538"
"Joanna Pérez Olea";"A favor";"https://www.camara.cl/legislacion/sala_sesiones/votacion_detalle.aspx?prmIdVotacion=32538"
"Pablo Prieto Lorca";"A favor";"https://www.camara.cl/legislacion/sala_sesiones/votacion_detalle.aspx?prmIdVotacion=32538"
"Guillermo Ramírez Diez";"A favor";"https://www.camara.cl/legislacion/sala_sesiones/votacion_detalle.aspx?prmIdVotacion=32538"
"Jorge Rathgeb Schifferli";"A favor";"https://www.camara.cl/legislacion/sala_sesiones/votacion_detalle.aspx?prmIdVotacion=32538"
"Rolando Rentería Moller";"A favor";"https://www.camara.cl/legislacion/sala_sesiones/votacion_detalle.aspx?prmIdVotacion=32538"
"Hugo Rey Martínez";"A favor";"https://www.camara.cl/legislacion/sala_sesiones/votacion_detalle.aspx?prmIdVotacion=32538"
"Leonidas Romero Sáez";"A favor";"https://www.camara.cl/legislacion/sala_sesiones/votacion_detalle.aspx?prmIdVotacion=32538"
"Jorge Sabag Villalobos";"A favor";"https://www.camara.cl/legislacion/sala_sesiones/votacion_detalle.aspx?prmIdVotacion=32538"
"Marcela Sabat Fernández";"A favor";"https://www.camara.cl/legislacion/sala_sesiones/votacion_detalle.aspx?prmIdVotacion=32538"
"Gustavo Sanhueza Dueñas";"A favor";"https://www.camara.cl/legislacion/sala_sesiones/votacion_detalle.aspx?prmIdVotacion=32538"
"Alejandro Santana Tirachini";"A favor";"https://www.camara.cl/legislacion/sala_sesiones/votacion_detalle.aspx?prmIdVotacion=32538"
"Diego Schalper Sepúlveda";"A favor";"https://www.camara.cl/legislacion/sala_sesiones/votacion_detalle.aspx?prmIdVotacion=32538"
"Alexis Sepúlveda Soto";"A favor";"https://www.camara.cl/legislacion/sala_sesiones/votacion_detalle.aspx?prmIdVotacion=32538"
"Gabriel Silber Romo";"A favor";"https://www.camara.cl/legislacion/sala_sesiones/votacion_detalle.aspx?prmIdVotacion=32538"
"Sebastián Torrealba Alvarado";"A favor";"https://www.camara.cl/legislacion/sala_sesiones/votacion_detalle.aspx?prmIdVotacion=32538"
"Víctor Torres Jeldes";"A favor";"https://www.camara.cl/legislacion/sala_sesiones/votacion_detalle.aspx?prmIdVotacion=32538"
"Renzo Trisotti Martínez";"A favor";"https://www.camara.cl/legislacion/sala_sesiones/votacion_detalle.aspx?prmIdVotacion=32538"
"Virginia Troncoso Hellman";"A favor";"https://www.camara.cl/legislacion/sala_sesiones/votacion_detalle.aspx?prmIdVotacion=32538"
"Francisco Undurraga Gazitúa";"A favor";"https://www.camara.cl/legislacion/sala_sesiones/votacion_detalle.aspx?prmIdVotacion=32538"
"Ignacio Urrutia Bonilla";"A favor";"https://www.camara.cl/legislacion/sala_sesiones/votacion_detalle.aspx?prmIdVotacion=32538"
"Osvaldo Urrutia Soto";"A favor";"https://www.camara.cl/legislacion/sala_sesiones/votacion_detalle.aspx?prmIdVotacion=32538"
"Cristóbal Urruticoechea Ríos";"A favor";"https://www.camara.cl/legislacion/sala_sesiones/votacion_detalle.aspx?prmIdVotacion=32538"
"Enrique Van Rysselberghe Herrera";"A favor";"https://www.camara.cl/legislacion/sala_sesiones/votacion_detalle.aspx?prmIdVotacion=32538"
"Daniel Verdessi Belemmi";"A favor";"https://www.camara.cl/legislacion/sala_sesiones/votacion_detalle.aspx?prmIdVotacion=32538"
"Gastón Von Mühlenbrock Zamora";"A favor";"https://www.camara.cl/legislacion/sala_sesiones/votacion_detalle.aspx?prmIdVotacion=32538"
"Matías Walker Prieto";"A favor";"https://www.camara.cl/legislacion/sala_sesiones/votacion_detalle.aspx?prmIdVotacion=32538"
"Florcita Alarcón Rojas";"En contra";"https://www.camara.cl/legislacion/sala_sesiones/votacion_detalle.aspx?prmIdVotacion=32538"
"René Alinco Bustos";"En contra";"https://www.camara.cl/legislacion/sala_sesiones/votacion_detalle.aspx?prmIdVotacion=32538"
"Jenny Álvarez Vera";"En contra";"https://www.camara.cl/legislacion/sala_sesiones/votacion_detalle.aspx?prmIdVotacion=32538"
"Boris Barrera Moreno";"En contra";"https://www.camara.cl/legislacion/sala_sesiones/votacion_detalle.aspx?prmIdVotacion=32538"
"Gabriel Boric Font";"En contra";"https://www.camara.cl/legislacion/sala_sesiones/votacion_detalle.aspx?prmIdVotacion=32538"
"Jorge Brito Hasbún";"En contra";"https://www.camara.cl/legislacion/sala_sesiones/votacion_detalle.aspx?prmIdVotacion=32538"
"Karol Cariola Oliva";"En contra";"https://www.camara.cl/legislacion/sala_sesiones/votacion_detalle.aspx?prmIdVotacion=32538"
"Natalia Castillo Muñoz";"En contra";"https://www.camara.cl/legislacion/sala_sesiones/votacion_detalle.aspx?prmIdVotacion=32538"
"Juan Luis Castro González";"En contra";"https://www.camara.cl/legislacion/sala_sesiones/votacion_detalle.aspx?prmIdVotacion=32538"
"Ricardo Celis Araya";"En contra";"https://www.camara.cl/legislacion/sala_sesiones/votacion_detalle.aspx?prmIdVotacion=32538"
"Daniella Cicardini Milla";"En contra";"https://www.camara.cl/legislacion/sala_sesiones/votacion_detalle.aspx?prmIdVotacion=32538"
"Miguel Crispi Serrano";"En contra";"https://www.camara.cl/legislacion/sala_sesiones/votacion_detalle.aspx?prmIdVotacion=32538"
"Marcelo Díaz Díaz";"En contra";"https://www.camara.cl/legislacion/sala_sesiones/votacion_detalle.aspx?prmIdVotacion=32538"
"Fidel Espinoza Sandoval";"En contra";"https://www.camara.cl/legislacion/sala_sesiones/votacion_detalle.aspx?prmIdVotacion=32538"
"Maya Fernández Allende";"En contra";"https://www.camara.cl/legislacion/sala_sesiones/votacion_detalle.aspx?prmIdVotacion=32538"
"Renato Garín González";"En contra";"https://www.camara.cl/legislacion/sala_sesiones/votacion_detalle.aspx?prmIdVotacion=32538"
"Cristina Girardi Lavín";"En contra";"https://www.camara.cl/legislacion/sala_sesiones/votacion_detalle.aspx?prmIdVotacion=32538"
"Félix González Gatica";"En contra";"https://www.camara.cl/legislacion/sala_sesiones/votacion_detalle.aspx?prmIdVotacion=32538"
"Rodrigo González Torres";"En contra";"https://www.camara.cl/legislacion/sala_sesiones/votacion_detalle.aspx?prmIdVotacion=32538"
"Hugo Gutiérrez Gálvez";"En contra";"https://www.camara.cl/legislacion/sala_sesiones/votacion_detalle.aspx?prmIdVotacion=32538"
"Carmen Hertz Cádiz";"En contra";"https://www.camara.cl/legislacion/sala_sesiones/votacion_detalle.aspx?prmIdVotacion=32538"
"Tomás Hirsch Goldschmidt";"En contra";"https://www.camara.cl/legislacion/sala_sesiones/votacion_detalle.aspx?prmIdVotacion=32538"
"Diego Ibáñez Cotroneo";"En contra";"https://www.camara.cl/legislacion/sala_sesiones/votacion_detalle.aspx?prmIdVotacion=32538"
"Marcos Ilabaca Cerda";"En contra";"https://www.camara.cl/legislacion/sala_sesiones/votacion_detalle.aspx?prmIdVotacion=32538"
"Giorgio Jackson Drago";"En contra";"https://www.camara.cl/legislacion/sala_sesiones/votacion_detalle.aspx?prmIdVotacion=32538"
"Pamela Jiles Moreno";"En contra";"https://www.camara.cl/legislacion/sala_sesiones/votacion_detalle.aspx?prmIdVotacion=32538"
"Tucapel Jiménez Fuentes";"En contra";"https://www.camara.cl/legislacion/sala_sesiones/votacion_detalle.aspx?prmIdVotacion=32538"
"Raúl Leiva Carvajal";"En contra";"https://www.camara.cl/legislacion/sala_sesiones/votacion_detalle.aspx?prmIdVotacion=32538"
"Carolina Marzán Pinto";"En contra";"https://www.camara.cl/legislacion/sala_sesiones/votacion_detalle.aspx?prmIdVotacion=32538"
"Claudia Mix Jiménez";"En contra";"https://www.camara.cl/legislacion/sala_sesiones/votacion_detalle.aspx?prmIdVotacion=32538"
"Manuel Monsalve Benavides";"En contra";"https://www.camara.cl/legislacion/sala_sesiones/votacion_detalle.aspx?prmIdVotacion=32538"
"Jaime Mulet Martínez";"En contra";"https://www.camara.cl/legislacion/sala_sesiones/votacion_detalle.aspx?prmIdVotacion=32538"
"Jaime Naranjo Ortiz";"En contra";"https://www.camara.cl/legislacion/sala_sesiones/votacion_detalle.aspx?prmIdVotacion=32538"
"Daniel Núñez Arancibia";"En contra";"https://www.camara.cl/legislacion/sala_sesiones/votacion_detalle.aspx?prmIdVotacion=32538"
"Emilia Nuyado Ancapichún";"En contra";"https://www.camara.cl/legislacion/sala_sesiones/votacion_detalle.aspx?prmIdVotacion=32538"
"Maite Orsini Pascal";"En contra";"https://www.camara.cl/legislacion/sala_sesiones/votacion_detalle.aspx?prmIdVotacion=32538"
"Andrea Parra Sauterel";"En contra";"https://www.camara.cl/legislacion/sala_sesiones/votacion_detalle.aspx?prmIdVotacion=32538"
"Catalina Pérez Salinas";"En contra";"https://www.camara.cl/legislacion/sala_sesiones/votacion_detalle.aspx?prmIdVotacion=32538"
"Luis Rocafull López";"En contra";"https://www.camara.cl/legislacion/sala_sesiones/votacion_detalle.aspx?prmIdVotacion=32538"
"Camila Rojas Valderrama";"En contra";"https://www.camara.cl/legislacion/sala_sesiones/votacion_detalle.aspx?prmIdVotacion=32538"
"Gastón Saavedra Chandía";"En contra";"https://www.camara.cl/legislacion/sala_sesiones/votacion_detalle.aspx?prmIdVotacion=32538"
"René Saffirio Espinoza";"En contra";"https://www.camara.cl/legislacion/sala_sesiones/votacion_detalle.aspx?prmIdVotacion=32538"
"Raúl Saldívar Auger";"En contra";"https://www.camara.cl/legislacion/sala_sesiones/votacion_detalle.aspx?prmIdVotacion=32538"
"Juan Santana Castillo";"En contra";"https://www.camara.cl/legislacion/sala_sesiones/votacion_detalle.aspx?prmIdVotacion=32538"
"Marisela Santibáñez Novoa";"En contra";"https://www.camara.cl/legislacion/sala_sesiones/votacion_detalle.aspx?prmIdVotacion=32538"
"Marcelo Schilling Rodríguez";"En contra";"https://www.camara.cl/legislacion/sala_sesiones/votacion_detalle.aspx?prmIdVotacion=32538"
"Alejandra Sepúlveda Orbenes";"En contra";"https://www.camara.cl/legislacion/sala_sesiones/votacion_detalle.aspx?prmIdVotacion=32538"
"Leonardo Soto Ferrada";"En contra";"https://www.camara.cl/legislacion/sala_sesiones/votacion_detalle.aspx?prmIdVotacion=32538"
"Jaime Tohá González";"En contra";"https://www.camara.cl/legislacion/sala_sesiones/votacion_detalle.aspx?prmIdVotacion=32538"
"Camila Vallejo Dowling";"En contra";"https://www.camara.cl/legislacion/sala_sesiones/votacion_detalle.aspx?prmIdVotacion=32538"
"Esteban Velásquez Núñez";"En contra";"https://www.camara.cl/legislacion/sala_sesiones/votacion_detalle.aspx?prmIdVotacion=32538"
"Pedro Velásquez Seguel";"En contra";"https://www.camara.cl/legislacion/sala_sesiones/votacion_detalle.aspx?prmIdVotacion=32538"
"Mario Venegas Cárdenas";"En contra";"https://www.camara.cl/legislacion/sala_sesiones/votacion_detalle.aspx?prmIdVotacion=32538"
"Pablo Vidal Rojas";"En contra";"https://www.camara.cl/legislacion/sala_sesiones/votacion_detalle.aspx?prmIdVotacion=32538"
"Gonzalo Winter Etcheberry";"En contra";"https://www.camara.cl/legislacion/sala_sesiones/votacion_detalle.aspx?prmIdVotacion=32538"
"Gael Yeomans Araya";"En contra";"https://www.camara.cl/legislacion/sala_sesiones/votacion_detalle.aspx?prmIdVotacion=32538"
"Alejandro Bernales Maldonado";"Abstención";"https://www.camara.cl/legislacion/sala_sesiones/votacion_detalle.aspx?prmIdVotacion=32538"
"Karim Bianchi Retamales";"Abstención";"https://www.camara.cl/legislacion/sala_sesiones/votacion_detalle.aspx?prmIdVotacion=32538"
"Vlado Mirosevic Verdugo";"Abstención";"https://www.camara.cl/legislacion/sala_sesiones/votacion_detalle.aspx?prmIdVotacion=32538"
"Raúl Soto Mardones";"Abstención";"https://www.camara.cl/legislacion/sala_sesiones/votacion_detalle.aspx?prmIdVotacion=32538"
"Jorge Alessandri Vergara";"A favor";"https://www.camara.cl/legislacion/sala_sesiones/votacion_detalle.aspx?prmIdVotacion=32537"
"Sebastián Álvarez Ramírez";"A favor";"https://www.camara.cl/legislacion/sala_sesiones/votacion_detalle.aspx?prmIdVotacion=32537"
"Pedro Pablo Alvarez-Salamanca Ramírez";"A favor";"https://www.camara.cl/legislacion/sala_sesiones/votacion_detalle.aspx?prmIdVotacion=32537"
"Sandra Amar Mancilla";"A favor";"https://www.camara.cl/legislacion/sala_sesiones/votacion_detalle.aspx?prmIdVotacion=32537"
"Pepe Auth Stewart";"A favor";"https://www.camara.cl/legislacion/sala_sesiones/votacion_detalle.aspx?prmIdVotacion=32537"
"Nino Baltolu Rasera";"A favor";"https://www.camara.cl/legislacion/sala_sesiones/votacion_detalle.aspx?prmIdVotacion=32537"
"Ramón Barros Montero";"A favor";"https://www.camara.cl/legislacion/sala_sesiones/votacion_detalle.aspx?prmIdVotacion=32537"
"Jaime Bellolio Avaria";"A favor";"https://www.camara.cl/legislacion/sala_sesiones/votacion_detalle.aspx?prmIdVotacion=32537"
"Bernardo Berger Fett";"A favor";"https://www.camara.cl/legislacion/sala_sesiones/votacion_detalle.aspx?prmIdVotacion=32537"
"Sergio Bobadilla Muñoz";"A favor";"https://www.camara.cl/legislacion/sala_sesiones/votacion_detalle.aspx?prmIdVotacion=32537"
"Miguel Ángel Calisto Águila";"A favor";"https://www.camara.cl/legislacion/sala_sesiones/votacion_detalle.aspx?prmIdVotacion=32537"
"Álvaro Carter Fernández";"A favor";"https://www.camara.cl/legislacion/sala_sesiones/votacion_detalle.aspx?prmIdVotacion=32537"
"José Miguel Castro Bascuñán";"A favor";"https://www.camara.cl/legislacion/sala_sesiones/votacion_detalle.aspx?prmIdVotacion=32537"
"Andrés Celis Montt";"A favor";"https://www.camara.cl/legislacion/sala_sesiones/votacion_detalle.aspx?prmIdVotacion=32537"
"Sofía Cid Versalovic";"A favor";"https://www.camara.cl/legislacion/sala_sesiones/votacion_detalle.aspx?prmIdVotacion=32537"
"Juan Antonio Coloma Álamos";"A favor";"https://www.camara.cl/legislacion/sala_sesiones/votacion_detalle.aspx?prmIdVotacion=32537"
"Luciano Cruz-Coke Carvallo";"A favor";"https://www.camara.cl/legislacion/sala_sesiones/votacion_detalle.aspx?prmIdVotacion=32537"
"Catalina Del Real Mihovilovic";"A favor";"https://www.camara.cl/legislacion/sala_sesiones/votacion_detalle.aspx?prmIdVotacion=32537"
"Mario Desbordes Jiménez";"A favor";"https://www.camara.cl/legislacion/sala_sesiones/votacion_detalle.aspx?prmIdVotacion=32537"
"Jorge Durán Espinoza";"A favor";"https://www.camara.cl/legislacion/sala_sesiones/votacion_detalle.aspx?prmIdVotacion=32537"
"Eduardo Durán Salinas";"A favor";"https://www.camara.cl/legislacion/sala_sesiones/votacion_detalle.aspx?prmIdVotacion=32537"
"Francisco Eguiguren Correa";"A favor";"https://www.camara.cl/legislacion/sala_sesiones/votacion_detalle.aspx?prmIdVotacion=32537"
"Iván Flores García";"A favor";"https://www.camara.cl/legislacion/sala_sesiones/votacion_detalle.aspx?prmIdVotacion=32537"
"Camila Flores Oporto";"A favor";"https://www.camara.cl/legislacion/sala_sesiones/votacion_detalle.aspx?prmIdVotacion=32537"
"Juan Fuenzalida Cobo";"A favor";"https://www.camara.cl/legislacion/sala_sesiones/votacion_detalle.aspx?prmIdVotacion=32537"
"Gonzalo Fuenzalida Figueroa";"A favor";"https://www.camara.cl/legislacion/sala_sesiones/votacion_detalle.aspx?prmIdVotacion=32537"
"Sergio Gahona Salazar";"A favor";"https://www.camara.cl/legislacion/sala_sesiones/votacion_detalle.aspx?prmIdVotacion=32537"
"Ramón Galleguillos Castillo";"A favor";"https://www.camara.cl/legislacion/sala_sesiones/votacion_detalle.aspx?prmIdVotacion=32537"
"René Manuel García García";"A favor";"https://www.camara.cl/legislacion/sala_sesiones/votacion_detalle.aspx?prmIdVotacion=32537"
"Javier Hernández Hernández";"A favor";"https://www.camara.cl/legislacion/sala_sesiones/votacion_detalle.aspx?prmIdVotacion=32537"
"Marcela Hernando Pérez";"A favor";"https://www.camara.cl/legislacion/sala_sesiones/votacion_detalle.aspx?prmIdVotacion=32537"
"María José Hoffmann Opazo";"A favor";"https://www.camara.cl/legislacion/sala_sesiones/votacion_detalle.aspx?prmIdVotacion=32537"
"Carlos Abel Jarpa Wevar";"A favor";"https://www.camara.cl/legislacion/sala_sesiones/votacion_detalle.aspx?prmIdVotacion=32537"
"Harry Jürgensen Rundshagen";"A favor";"https://www.camara.cl/legislacion/sala_sesiones/votacion_detalle.aspx?prmIdVotacion=32537"
"Pablo Kast Sommerhoff";"A favor";"https://www.camara.cl/legislacion/sala_sesiones/votacion_detalle.aspx?prmIdVotacion=32537"
"Sebastián Keitel Bianchi";"A favor";"https://www.camara.cl/legislacion/sala_sesiones/votacion_detalle.aspx?prmIdVotacion=32537"
"Issa Kort Garriga";"A favor";"https://www.camara.cl/legislacion/sala_sesiones/votacion_detalle.aspx?prmIdVotacion=32537"
"Carlos Kuschel Silva";"A favor";"https://www.camara.cl/legislacion/sala_sesiones/votacion_detalle.aspx?prmIdVotacion=32537"
"Joaquín Lavín León";"A favor";"https://www.camara.cl/legislacion/sala_sesiones/votacion_detalle.aspx?prmIdVotacion=32537"
"Andrés Longton Herrera";"A favor";"https://www.camara.cl/legislacion/sala_sesiones/votacion_detalle.aspx?prmIdVotacion=32537"
"Pablo Lorenzini Basso";"A favor";"https://www.camara.cl/legislacion/sala_sesiones/votacion_detalle.aspx?prmIdVotacion=32537"
"Karin Luck Urban";"A favor";"https://www.camara.cl/legislacion/sala_sesiones/votacion_detalle.aspx?prmIdVotacion=32537"
"Javier Macaya Danús";"A favor";"https://www.camara.cl/legislacion/sala_sesiones/votacion_detalle.aspx?prmIdVotacion=32537"
"Manuel Matta Aragay";"A favor";"https://www.camara.cl/legislacion/sala_sesiones/votacion_detalle.aspx?prmIdVotacion=32537"
"Patricio Melero Abaroa";"A favor";"https://www.camara.cl/legislacion/sala_sesiones/votacion_detalle.aspx?prmIdVotacion=32537"
"Cosme Mellado Pino";"A favor";"https://www.camara.cl/legislacion/sala_sesiones/votacion_detalle.aspx?prmIdVotacion=32537"
"Miguel Mellado Suazo";"A favor";"https://www.camara.cl/legislacion/sala_sesiones/votacion_detalle.aspx?prmIdVotacion=32537"
"Fernando Meza Moncada";"A favor";"https://www.camara.cl/legislacion/sala_sesiones/votacion_detalle.aspx?prmIdVotacion=32537"
"Andrés Molina Magofke";"A favor";"https://www.camara.cl/legislacion/sala_sesiones/votacion_detalle.aspx?prmIdVotacion=32537"
"Celso Morales Muñoz";"A favor";"https://www.camara.cl/legislacion/sala_sesiones/votacion_detalle.aspx?prmIdVotacion=32537"
"Cristhian Moreira Barros";"A favor";"https://www.camara.cl/legislacion/sala_sesiones/votacion_detalle.aspx?prmIdVotacion=32537"
"Francesca Muñoz González";"A favor";"https://www.camara.cl/legislacion/sala_sesiones/votacion_detalle.aspx?prmIdVotacion=32537"
"Nicolás Noman Garrido";"A favor";"https://www.camara.cl/legislacion/sala_sesiones/votacion_detalle.aspx?prmIdVotacion=32537"
"Paulina Núñez Urrutia";"A favor";"https://www.camara.cl/legislacion/sala_sesiones/votacion_detalle.aspx?prmIdVotacion=32537"
"Erika Olivera De La Fuente";"A favor";"https://www.camara.cl/legislacion/sala_sesiones/votacion_detalle.aspx?prmIdVotacion=32537"
"José Miguel Ortiz Novoa";"A favor";"https://www.camara.cl/legislacion/sala_sesiones/votacion_detalle.aspx?prmIdVotacion=32537"
"Ximena Ossandón Irarrázabal";"A favor";"https://www.camara.cl/legislacion/sala_sesiones/votacion_detalle.aspx?prmIdVotacion=32537"
"Luis Pardo Sáinz";"A favor";"https://www.camara.cl/legislacion/sala_sesiones/votacion_detalle.aspx?prmIdVotacion=32537"
"Diego Paulsen Kehr";"A favor";"https://www.camara.cl/legislacion/sala_sesiones/votacion_detalle.aspx?prmIdVotacion=32537"
"José Pérez Arriagada";"A favor";"https://www.camara.cl/legislacion/sala_sesiones/votacion_detalle.aspx?prmIdVotacion=32537"
"Leopoldo Pérez Lahsen";"A favor";"https://www.camara.cl/legislacion/sala_sesiones/votacion_detalle.aspx?prmIdVotacion=32537"
"Joanna Pérez Olea";"A favor";"https://www.camara.cl/legislacion/sala_sesiones/votacion_detalle.aspx?prmIdVotacion=32537"
"Pablo Prieto Lorca";"A favor";"https://www.camara.cl/legislacion/sala_sesiones/votacion_detalle.aspx?prmIdVotacion=32537"
"Guillermo Ramírez Diez";"A favor";"https://www.camara.cl/legislacion/sala_sesiones/votacion_detalle.aspx?prmIdVotacion=32537"
"Jorge Rathgeb Schifferli";"A favor";"https://www.camara.cl/legislacion/sala_sesiones/votacion_detalle.aspx?prmIdVotacion=32537"
"Rolando Rentería Moller";"A favor";"https://www.camara.cl/legislacion/sala_sesiones/votacion_detalle.aspx?prmIdVotacion=32537"
"Hugo Rey Martínez";"A favor";"https://www.camara.cl/legislacion/sala_sesiones/votacion_detalle.aspx?prmIdVotacion=32537"
"Leonidas Romero Sáez";"A favor";"https://www.camara.cl/legislacion/sala_sesiones/votacion_detalle.aspx?prmIdVotacion=32537"
"Jorge Sabag Villalobos";"A favor";"https://www.camara.cl/legislacion/sala_sesiones/votacion_detalle.aspx?prmIdVotacion=32537"
"Marcela Sabat Fernández";"A favor";"https://www.camara.cl/legislacion/sala_sesiones/votacion_detalle.aspx?prmIdVotacion=32537"
"Gustavo Sanhueza Dueñas";"A favor";"https://www.camara.cl/legislacion/sala_sesiones/votacion_detalle.aspx?prmIdVotacion=32537"
"Alejandro Santana Tirachini";"A favor";"https://www.camara.cl/legislacion/sala_sesiones/votacion_detalle.aspx?prmIdVotacion=32537"
"Diego Schalper Sepúlveda";"A favor";"https://www.camara.cl/legislacion/sala_sesiones/votacion_detalle.aspx?prmIdVotacion=32537"
"Alexis Sepúlveda Soto";"A favor";"https://www.camara.cl/legislacion/sala_sesiones/votacion_detalle.aspx?prmIdVotacion=32537"
"Gabriel Silber Romo";"A favor";"https://www.camara.cl/legislacion/sala_sesiones/votacion_detalle.aspx?prmIdVotacion=32537"
"Sebastián Torrealba Alvarado";"A favor";"https://www.camara.cl/legislacion/sala_sesiones/votacion_detalle.aspx?prmIdVotacion=32537"
"Víctor Torres Jeldes";"A favor";"https://www.camara.cl/legislacion/sala_sesiones/votacion_detalle.aspx?prmIdVotacion=32537"
"Renzo Trisotti Martínez";"A favor";"https://www.camara.cl/legislacion/sala_sesiones/votacion_detalle.aspx?prmIdVotacion=32537"
"Virginia Troncoso Hellman";"A favor";"https://www.camara.cl/legislacion/sala_sesiones/votacion_detalle.aspx?prmIdVotacion=32537"
"Francisco Undurraga Gazitúa";"A favor";"https://www.camara.cl/legislacion/sala_sesiones/votacion_detalle.aspx?prmIdVotacion=32537"
"Ignacio Urrutia Bonilla";"A favor";"https://www.camara.cl/legislacion/sala_sesiones/votacion_detalle.aspx?prmIdVotacion=32537"
"Osvaldo Urrutia Soto";"A favor";"https://www.camara.cl/legislacion/sala_sesiones/votacion_detalle.aspx?prmIdVotacion=32537"
"Cristóbal Urruticoechea Ríos";"A favor";"https://www.camara.cl/legislacion/sala_sesiones/votacion_detalle.aspx?prmIdVotacion=32537"
"Enrique Van Rysselberghe Herrera";"A favor";"https://www.camara.cl/legislacion/sala_sesiones/votacion_detalle.aspx?prmIdVotacion=32537"
"Pedro Velásquez Seguel";"A favor";"https://www.camara.cl/legislacion/sala_sesiones/votacion_detalle.aspx?prmIdVotacion=32537"
"Daniel Verdessi Belemmi";"A favor";"https://www.camara.cl/legislacion/sala_sesiones/votacion_detalle.aspx?prmIdVotacion=32537"
"Gastón Von Mühlenbrock Zamora";"A favor";"https://www.camara.cl/legislacion/sala_sesiones/votacion_detalle.aspx?prmIdVotacion=32537"
"Matías Walker Prieto";"A favor";"https://www.camara.cl/legislacion/sala_sesiones/votacion_detalle.aspx?prmIdVotacion=32537"
"Florcita Alarcón Rojas";"En contra";"https://www.camara.cl/legislacion/sala_sesiones/votacion_detalle.aspx?prmIdVotacion=32537"
"René Alinco Bustos";"En contra";"https://www.camara.cl/legislacion/sala_sesiones/votacion_detalle.aspx?prmIdVotacion=32537"
"Jenny Álvarez Vera";"En contra";"https://www.camara.cl/legislacion/sala_sesiones/votacion_detalle.aspx?prmIdVotacion=32537"
"Boris Barrera Moreno";"En contra";"https://www.camara.cl/legislacion/sala_sesiones/votacion_detalle.aspx?prmIdVotacion=32537"
"Karim Bianchi Retamales";"En contra";"https://www.camara.cl/legislacion/sala_sesiones/votacion_detalle.aspx?prmIdVotacion=32537"
"Gabriel Boric Font";"En contra";"https://www.camara.cl/legislacion/sala_sesiones/votacion_detalle.aspx?prmIdVotacion=32537"
"Jorge Brito Hasbún";"En contra";"https://www.camara.cl/legislacion/sala_sesiones/votacion_detalle.aspx?prmIdVotacion=32537"
"Karol Cariola Oliva";"En contra";"https://www.camara.cl/legislacion/sala_sesiones/votacion_detalle.aspx?prmIdVotacion=32537"
"Loreto Carvajal Ambiado";"En contra";"https://www.camara.cl/legislacion/sala_sesiones/votacion_detalle.aspx?prmIdVotacion=32537"
"Natalia Castillo Muñoz";"En contra";"https://www.camara.cl/legislacion/sala_sesiones/votacion_detalle.aspx?prmIdVotacion=32537"
"Juan Luis Castro González";"En contra";"https://www.camara.cl/legislacion/sala_sesiones/votacion_detalle.aspx?prmIdVotacion=32537"
"Ricardo Celis Araya";"En contra";"https://www.camara.cl/legislacion/sala_sesiones/votacion_detalle.aspx?prmIdVotacion=32537"
"Daniella Cicardini Milla";"En contra";"https://www.camara.cl/legislacion/sala_sesiones/votacion_detalle.aspx?prmIdVotacion=32537"
"Miguel Crispi Serrano";"En contra";"https://www.camara.cl/legislacion/sala_sesiones/votacion_detalle.aspx?prmIdVotacion=32537"
"Marcelo Díaz Díaz";"En contra";"https://www.camara.cl/legislacion/sala_sesiones/votacion_detalle.aspx?prmIdVotacion=32537"
"Fidel Espinoza Sandoval";"En contra";"https://www.camara.cl/legislacion/sala_sesiones/votacion_detalle.aspx?prmIdVotacion=32537"
"Maya Fernández Allende";"En contra";"https://www.camara.cl/legislacion/sala_sesiones/votacion_detalle.aspx?prmIdVotacion=32537"
"Renato Garín González";"En contra";"https://www.camara.cl/legislacion/sala_sesiones/votacion_detalle.aspx?prmIdVotacion=32537"
"Cristina Girardi Lavín";"En contra";"https://www.camara.cl/legislacion/sala_sesiones/votacion_detalle.aspx?prmIdVotacion=32537"
"Félix González Gatica";"En contra";"https://www.camara.cl/legislacion/sala_sesiones/votacion_detalle.aspx?prmIdVotacion=32537"
"Rodrigo González Torres";"En contra";"https://www.camara.cl/legislacion/sala_sesiones/votacion_detalle.aspx?prmIdVotacion=32537"
"Hugo Gutiérrez Gálvez";"En contra";"https://www.camara.cl/legislacion/sala_sesiones/votacion_detalle.aspx?prmIdVotacion=32537"
"Carmen Hertz Cádiz";"En contra";"https://www.camara.cl/legislacion/sala_sesiones/votacion_detalle.aspx?prmIdVotacion=32537"
"Tomás Hirsch Goldschmidt";"En contra";"https://www.camara.cl/legislacion/sala_sesiones/votacion_detalle.aspx?prmIdVotacion=32537"
"Diego Ibáñez Cotroneo";"En contra";"https://www.camara.cl/legislacion/sala_sesiones/votacion_detalle.aspx?prmIdVotacion=32537"
"Marcos Ilabaca Cerda";"En contra";"https://www.camara.cl/legislacion/sala_sesiones/votacion_detalle.aspx?prmIdVotacion=32537"
"Giorgio Jackson Drago";"En contra";"https://www.camara.cl/legislacion/sala_sesiones/votacion_detalle.aspx?prmIdVotacion=32537"
"Pamela Jiles Moreno";"En contra";"https://www.camara.cl/legislacion/sala_sesiones/votacion_detalle.aspx?prmIdVotacion=32537"
"Tucapel Jiménez Fuentes";"En contra";"https://www.camara.cl/legislacion/sala_sesiones/votacion_detalle.aspx?prmIdVotacion=32537"
"Raúl Leiva Carvajal";"En contra";"https://www.camara.cl/legislacion/sala_sesiones/votacion_detalle.aspx?prmIdVotacion=32537"
"Carolina Marzán Pinto";"En contra";"https://www.camara.cl/legislacion/sala_sesiones/votacion_detalle.aspx?prmIdVotacion=32537"
"Claudia Mix Jiménez";"En contra";"https://www.camara.cl/legislacion/sala_sesiones/votacion_detalle.aspx?prmIdVotacion=32537"
"Manuel Monsalve Benavides";"En contra";"https://www.camara.cl/legislacion/sala_sesiones/votacion_detalle.aspx?prmIdVotacion=32537"
"Jaime Mulet Martínez";"En contra";"https://www.camara.cl/legislacion/sala_sesiones/votacion_detalle.aspx?prmIdVotacion=32537"
"Jaime Naranjo Ortiz";"En contra";"https://www.camara.cl/legislacion/sala_sesiones/votacion_detalle.aspx?prmIdVotacion=32537"
"Daniel Núñez Arancibia";"En contra";"https://www.camara.cl/legislacion/sala_sesiones/votacion_detalle.aspx?prmIdVotacion=32537"
"Emilia Nuyado Ancapichún";"En contra";"https://www.camara.cl/legislacion/sala_sesiones/votacion_detalle.aspx?prmIdVotacion=32537"
"Maite Orsini Pascal";"En contra";"https://www.camara.cl/legislacion/sala_sesiones/votacion_detalle.aspx?prmIdVotacion=32537"
"Andrea Parra Sauterel";"En contra";"https://www.camara.cl/legislacion/sala_sesiones/votacion_detalle.aspx?prmIdVotacion=32537"
"Catalina Pérez Salinas";"En contra";"https://www.camara.cl/legislacion/sala_sesiones/votacion_detalle.aspx?prmIdVotacion=32537"
"Luis Rocafull López";"En contra";"https://www.camara.cl/legislacion/sala_sesiones/votacion_detalle.aspx?prmIdVotacion=32537"
"Camila Rojas Valderrama";"En contra";"https://www.camara.cl/legislacion/sala_sesiones/votacion_detalle.aspx?prmIdVotacion=32537"
"Gastón Saavedra Chandía";"En contra";"https://www.camara.cl/legislacion/sala_sesiones/votacion_detalle.aspx?prmIdVotacion=32537"
"René Saffirio Espinoza";"En contra";"https://www.camara.cl/legislacion/sala_sesiones/votacion_detalle.aspx?prmIdVotacion=32537"
"Raúl Saldívar Auger";"En contra";"https://www.camara.cl/legislacion/sala_sesiones/votacion_detalle.aspx?prmIdVotacion=32537"
"Juan Santana Castillo";"En contra";"https://www.camara.cl/legislacion/sala_sesiones/votacion_detalle.aspx?prmIdVotacion=32537"
"Marisela Santibáñez Novoa";"En contra";"https://www.camara.cl/legislacion/sala_sesiones/votacion_detalle.aspx?prmIdVotacion=32537"
"Marcelo Schilling Rodríguez";"En contra";"https://www.camara.cl/legislacion/sala_sesiones/votacion_detalle.aspx?prmIdVotacion=32537"
"Alejandra Sepúlveda Orbenes";"En contra";"https://www.camara.cl/legislacion/sala_sesiones/votacion_detalle.aspx?prmIdVotacion=32537"
"Leonardo Soto Ferrada";"En contra";"https://www.camara.cl/legislacion/sala_sesiones/votacion_detalle.aspx?prmIdVotacion=32537"
"Jaime Tohá González";"En contra";"https://www.camara.cl/legislacion/sala_sesiones/votacion_detalle.aspx?prmIdVotacion=32537"
"Camila Vallejo Dowling";"En contra";"https://www.camara.cl/legislacion/sala_sesiones/votacion_detalle.aspx?prmIdVotacion=32537"
"Esteban Velásquez Núñez";"En contra";"https://www.camara.cl/legislacion/sala_sesiones/votacion_detalle.aspx?prmIdVotacion=32537"
"Mario Venegas Cárdenas";"En contra";"https://www.camara.cl/legislacion/sala_sesiones/votacion_detalle.aspx?prmIdVotacion=32537"
"Pablo Vidal Rojas";"En contra";"https://www.camara.cl/legislacion/sala_sesiones/votacion_detalle.aspx?prmIdVotacion=32537"
"Gonzalo Winter Etcheberry";"En contra";"https://www.camara.cl/legislacion/sala_sesiones/votacion_detalle.aspx?prmIdVotacion=32537"
"Gael Yeomans Araya";"En contra";"https://www.camara.cl/legislacion/sala_sesiones/votacion_detalle.aspx?prmIdVotacion=32537"
"Alejandro Bernales Maldonado";"Abstención";"https://www.camara.cl/legislacion/sala_sesiones/votacion_detalle.aspx?prmIdVotacion=32537"
"Vlado Mirosevic Verdugo";"Abstención";"https://www.camara.cl/legislacion/sala_sesiones/votacion_detalle.aspx?prmIdVotacion=32537"
"Raúl Soto Mardones";"Abstención";"https://www.camara.cl/legislacion/sala_sesiones/votacion_detalle.aspx?prmIdVotacion=32537"
"Jorge Alessandri Vergara";"A favor";"https://www.camara.cl/legislacion/sala_sesiones/votacion_detalle.aspx?prmIdVotacion=32536"
"Sebastián Álvarez Ramírez";"A favor";"https://www.camara.cl/legislacion/sala_sesiones/votacion_detalle.aspx?prmIdVotacion=32536"
"Pedro Pablo Alvarez-Salamanca Ramírez";"A favor";"https://www.camara.cl/legislacion/sala_sesiones/votacion_detalle.aspx?prmIdVotacion=32536"
"Sandra Amar Mancilla";"A favor";"https://www.camara.cl/legislacion/sala_sesiones/votacion_detalle.aspx?prmIdVotacion=32536"
"Pepe Auth Stewart";"A favor";"https://www.camara.cl/legislacion/sala_sesiones/votacion_detalle.aspx?prmIdVotacion=32536"
"Nino Baltolu Rasera";"A favor";"https://www.camara.cl/legislacion/sala_sesiones/votacion_detalle.aspx?prmIdVotacion=32536"
"Ramón Barros Montero";"A favor";"https://www.camara.cl/legislacion/sala_sesiones/votacion_detalle.aspx?prmIdVotacion=32536"
"Jaime Bellolio Avaria";"A favor";"https://www.camara.cl/legislacion/sala_sesiones/votacion_detalle.aspx?prmIdVotacion=32536"
"Bernardo Berger Fett";"A favor";"https://www.camara.cl/legislacion/sala_sesiones/votacion_detalle.aspx?prmIdVotacion=32536"
"Sergio Bobadilla Muñoz";"A favor";"https://www.camara.cl/legislacion/sala_sesiones/votacion_detalle.aspx?prmIdVotacion=32536"
"Miguel Ángel Calisto Águila";"A favor";"https://www.camara.cl/legislacion/sala_sesiones/votacion_detalle.aspx?prmIdVotacion=32536"
"Álvaro Carter Fernández";"A favor";"https://www.camara.cl/legislacion/sala_sesiones/votacion_detalle.aspx?prmIdVotacion=32536"
"José Miguel Castro Bascuñán";"A favor";"https://www.camara.cl/legislacion/sala_sesiones/votacion_detalle.aspx?prmIdVotacion=32536"
"Andrés Celis Montt";"A favor";"https://www.camara.cl/legislacion/sala_sesiones/votacion_detalle.aspx?prmIdVotacion=32536"
"Sofía Cid Versalovic";"A favor";"https://www.camara.cl/legislacion/sala_sesiones/votacion_detalle.aspx?prmIdVotacion=32536"
"Juan Antonio Coloma Álamos";"A favor";"https://www.camara.cl/legislacion/sala_sesiones/votacion_detalle.aspx?prmIdVotacion=32536"
"Luciano Cruz-Coke Carvallo";"A favor";"https://www.camara.cl/legislacion/sala_sesiones/votacion_detalle.aspx?prmIdVotacion=32536"
"Catalina Del Real Mihovilovic";"A favor";"https://www.camara.cl/legislacion/sala_sesiones/votacion_detalle.aspx?prmIdVotacion=32536"
"Mario Desbordes Jiménez";"A favor";"https://www.camara.cl/legislacion/sala_sesiones/votacion_detalle.aspx?prmIdVotacion=32536"
"Jorge Durán Espinoza";"A favor";"https://www.camara.cl/legislacion/sala_sesiones/votacion_detalle.aspx?prmIdVotacion=32536"
"Eduardo Durán Salinas";"A favor";"https://www.camara.cl/legislacion/sala_sesiones/votacion_detalle.aspx?prmIdVotacion=32536"
"Francisco Eguiguren Correa";"A favor";"https://www.camara.cl/legislacion/sala_sesiones/votacion_detalle.aspx?prmIdVotacion=32536"
"Iván Flores García";"A favor";"https://www.camara.cl/legislacion/sala_sesiones/votacion_detalle.aspx?prmIdVotacion=32536"
"Camila Flores Oporto";"A favor";"https://www.camara.cl/legislacion/sala_sesiones/votacion_detalle.aspx?prmIdVotacion=32536"
"Juan Fuenzalida Cobo";"A favor";"https://www.camara.cl/legislacion/sala_sesiones/votacion_detalle.aspx?prmIdVotacion=32536"
"Gonzalo Fuenzalida Figueroa";"A favor";"https://www.camara.cl/legislacion/sala_sesiones/votacion_detalle.aspx?prmIdVotacion=32536"
"Sergio Gahona Salazar";"A favor";"https://www.camara.cl/legislacion/sala_sesiones/votacion_detalle.aspx?prmIdVotacion=32536"
"Ramón Galleguillos Castillo";"A favor";"https://www.camara.cl/legislacion/sala_sesiones/votacion_detalle.aspx?prmIdVotacion=32536"
"René Manuel García García";"A favor";"https://www.camara.cl/legislacion/sala_sesiones/votacion_detalle.aspx?prmIdVotacion=32536"
"Javier Hernández Hernández";"A favor";"https://www.camara.cl/legislacion/sala_sesiones/votacion_detalle.aspx?prmIdVotacion=32536"
"María José Hoffmann Opazo";"A favor";"https://www.camara.cl/legislacion/sala_sesiones/votacion_detalle.aspx?prmIdVotacion=32536"
"Carlos Abel Jarpa Wevar";"A favor";"https://www.camara.cl/legislacion/sala_sesiones/votacion_detalle.aspx?prmIdVotacion=32536"
"Harry Jürgensen Rundshagen";"A favor";"https://www.camara.cl/legislacion/sala_sesiones/votacion_detalle.aspx?prmIdVotacion=32536"
"Pablo Kast Sommerhoff";"A favor";"https://www.camara.cl/legislacion/sala_sesiones/votacion_detalle.aspx?prmIdVotacion=32536"
"Sebastián Keitel Bianchi";"A favor";"https://www.camara.cl/legislacion/sala_sesiones/votacion_detalle.aspx?prmIdVotacion=32536"
"Issa Kort Garriga";"A favor";"https://www.camara.cl/legislacion/sala_sesiones/votacion_detalle.aspx?prmIdVotacion=32536"
"Carlos Kuschel Silva";"A favor";"https://www.camara.cl/legislacion/sala_sesiones/votacion_detalle.aspx?prmIdVotacion=32536"
"Joaquín Lavín León";"A favor";"https://www.camara.cl/legislacion/sala_sesiones/votacion_detalle.aspx?prmIdVotacion=32536"
"Andrés Longton Herrera";"A favor";"https://www.camara.cl/legislacion/sala_sesiones/votacion_detalle.aspx?prmIdVotacion=32536"
"Pablo Lorenzini Basso";"A favor";"https://www.camara.cl/legislacion/sala_sesiones/votacion_detalle.aspx?prmIdVotacion=32536"
"Karin Luck Urban";"A favor";"https://www.camara.cl/legislacion/sala_sesiones/votacion_detalle.aspx?prmIdVotacion=32536"
"Javier Macaya Danús";"A favor";"https://www.camara.cl/legislacion/sala_sesiones/votacion_detalle.aspx?prmIdVotacion=32536"
"Manuel Matta Aragay";"A favor";"https://www.camara.cl/legislacion/sala_sesiones/votacion_detalle.aspx?prmIdVotacion=32536"
"Patricio Melero Abaroa";"A favor";"https://www.camara.cl/legislacion/sala_sesiones/votacion_detalle.aspx?prmIdVotacion=32536"
"Miguel Mellado Suazo";"A favor";"https://www.camara.cl/legislacion/sala_sesiones/votacion_detalle.aspx?prmIdVotacion=32536"
"Fernando Meza Moncada";"A favor";"https://www.camara.cl/legislacion/sala_sesiones/votacion_detalle.aspx?prmIdVotacion=32536"
"Andrés Molina Magofke";"A favor";"https://www.camara.cl/legislacion/sala_sesiones/votacion_detalle.aspx?prmIdVotacion=32536"
"Celso Morales Muñoz";"A favor";"https://www.camara.cl/legislacion/sala_sesiones/votacion_detalle.aspx?prmIdVotacion=32536"
"Cristhian Moreira Barros";"A favor";"https://www.camara.cl/legislacion/sala_sesiones/votacion_detalle.aspx?prmIdVotacion=32536"
"Francesca Muñoz González";"A favor";"https://www.camara.cl/legislacion/sala_sesiones/votacion_detalle.aspx?prmIdVotacion=32536"
"Nicolás Noman Garrido";"A favor";"https://www.camara.cl/legislacion/sala_sesiones/votacion_detalle.aspx?prmIdVotacion=32536"
"Paulina Núñez Urrutia";"A favor";"https://www.camara.cl/legislacion/sala_sesiones/votacion_detalle.aspx?prmIdVotacion=32536"
"Erika Olivera De La Fuente";"A favor";"https://www.camara.cl/legislacion/sala_sesiones/votacion_detalle.aspx?prmIdVotacion=32536"
"José Miguel Ortiz Novoa";"A favor";"https://www.camara.cl/legislacion/sala_sesiones/votacion_detalle.aspx?prmIdVotacion=32536"
"Ximena Ossandón Irarrázabal";"A favor";"https://www.camara.cl/legislacion/sala_sesiones/votacion_detalle.aspx?prmIdVotacion=32536"
"Luis Pardo Sáinz";"A favor";"https://www.camara.cl/legislacion/sala_sesiones/votacion_detalle.aspx?prmIdVotacion=32536"
"Diego Paulsen Kehr";"A favor";"https://www.camara.cl/legislacion/sala_sesiones/votacion_detalle.aspx?prmIdVotacion=32536"
"José Pérez Arriagada";"A favor";"https://www.camara.cl/legislacion/sala_sesiones/votacion_detalle.aspx?prmIdVotacion=32536"
"Leopoldo Pérez Lahsen";"A favor";"https://www.camara.cl/legislacion/sala_sesiones/votacion_detalle.aspx?prmIdVotacion=32536"
"Joanna Pérez Olea";"A favor";"https://www.camara.cl/legislacion/sala_sesiones/votacion_detalle.aspx?prmIdVotacion=32536"
"Pablo Prieto Lorca";"A favor";"https://www.camara.cl/legislacion/sala_sesiones/votacion_detalle.aspx?prmIdVotacion=32536"
"Guillermo Ramírez Diez";"A favor";"https://www.camara.cl/legislacion/sala_sesiones/votacion_detalle.aspx?prmIdVotacion=32536"
"Jorge Rathgeb Schifferli";"A favor";"https://www.camara.cl/legislacion/sala_sesiones/votacion_detalle.aspx?prmIdVotacion=32536"
"Rolando Rentería Moller";"A favor";"https://www.camara.cl/legislacion/sala_sesiones/votacion_detalle.aspx?prmIdVotacion=32536"
"Hugo Rey Martínez";"A favor";"https://www.camara.cl/legislacion/sala_sesiones/votacion_detalle.aspx?prmIdVotacion=32536"
"Leonidas Romero Sáez";"A favor";"https://www.camara.cl/legislacion/sala_sesiones/votacion_detalle.aspx?prmIdVotacion=32536"
"Jorge Sabag Villalobos";"A favor";"https://www.camara.cl/legislacion/sala_sesiones/votacion_detalle.aspx?prmIdVotacion=32536"
"Marcela Sabat Fernández";"A favor";"https://www.camara.cl/legislacion/sala_sesiones/votacion_detalle.aspx?prmIdVotacion=32536"
"Gustavo Sanhueza Dueñas";"A favor";"https://www.camara.cl/legislacion/sala_sesiones/votacion_detalle.aspx?prmIdVotacion=32536"
"Alejandro Santana Tirachini";"A favor";"https://www.camara.cl/legislacion/sala_sesiones/votacion_detalle.aspx?prmIdVotacion=32536"
"Diego Schalper Sepúlveda";"A favor";"https://www.camara.cl/legislacion/sala_sesiones/votacion_detalle.aspx?prmIdVotacion=32536"
"Gabriel Silber Romo";"A favor";"https://www.camara.cl/legislacion/sala_sesiones/votacion_detalle.aspx?prmIdVotacion=32536"
"Sebastián Torrealba Alvarado";"A favor";"https://www.camara.cl/legislacion/sala_sesiones/votacion_detalle.aspx?prmIdVotacion=32536"
"Renzo Trisotti Martínez";"A favor";"https://www.camara.cl/legislacion/sala_sesiones/votacion_detalle.aspx?prmIdVotacion=32536"
"Virginia Troncoso Hellman";"A favor";"https://www.camara.cl/legislacion/sala_sesiones/votacion_detalle.aspx?prmIdVotacion=32536"
"Francisco Undurraga Gazitúa";"A favor";"https://www.camara.cl/legislacion/sala_sesiones/votacion_detalle.aspx?prmIdVotacion=32536"
"Ignacio Urrutia Bonilla";"A favor";"https://www.camara.cl/legislacion/sala_sesiones/votacion_detalle.aspx?prmIdVotacion=32536"
"Osvaldo Urrutia Soto";"A favor";"https://www.camara.cl/legislacion/sala_sesiones/votacion_detalle.aspx?prmIdVotacion=32536"
"Cristóbal Urruticoechea Ríos";"A favor";"https://www.camara.cl/legislacion/sala_sesiones/votacion_detalle.aspx?prmIdVotacion=32536"
"Enrique Van Rysselberghe Herrera";"A favor";"https://www.camara.cl/legislacion/sala_sesiones/votacion_detalle.aspx?prmIdVotacion=32536"
"Pedro Velásquez Seguel";"A favor";"https://www.camara.cl/legislacion/sala_sesiones/votacion_detalle.aspx?prmIdVotacion=32536"
"Daniel Verdessi Belemmi";"A favor";"https://www.camara.cl/legislacion/sala_sesiones/votacion_detalle.aspx?prmIdVotacion=32536"
"Gastón Von Mühlenbrock Zamora";"A favor";"https://www.camara.cl/legislacion/sala_sesiones/votacion_detalle.aspx?prmIdVotacion=32536"
"Matías Walker Prieto";"A favor";"https://www.camara.cl/legislacion/sala_sesiones/votacion_detalle.aspx?prmIdVotacion=32536"
"Florcita Alarcón Rojas";"En contra";"https://www.camara.cl/legislacion/sala_sesiones/votacion_detalle.aspx?prmIdVotacion=32536"
"René Alinco Bustos";"En contra";"https://www.camara.cl/legislacion/sala_sesiones/votacion_detalle.aspx?prmIdVotacion=32536"
"Jenny Álvarez Vera";"En contra";"https://www.camara.cl/legislacion/sala_sesiones/votacion_detalle.aspx?prmIdVotacion=32536"
"Boris Barrera Moreno";"En contra";"https://www.camara.cl/legislacion/sala_sesiones/votacion_detalle.aspx?prmIdVotacion=32536"
"Alejandro Bernales Maldonado";"En contra";"https://www.camara.cl/legislacion/sala_sesiones/votacion_detalle.aspx?prmIdVotacion=32536"
"Karim Bianchi Retamales";"En contra";"https://www.camara.cl/legislacion/sala_sesiones/votacion_detalle.aspx?prmIdVotacion=32536"
"Gabriel Boric Font";"En contra";"https://www.camara.cl/legislacion/sala_sesiones/votacion_detalle.aspx?prmIdVotacion=32536"
"Jorge Brito Hasbún";"En contra";"https://www.camara.cl/legislacion/sala_sesiones/votacion_detalle.aspx?prmIdVotacion=32536"
"Karol Cariola Oliva";"En contra";"https://www.camara.cl/legislacion/sala_sesiones/votacion_detalle.aspx?prmIdVotacion=32536"
"Loreto Carvajal Ambiado";"En contra";"https://www.camara.cl/legislacion/sala_sesiones/votacion_detalle.aspx?prmIdVotacion=32536"
"Natalia Castillo Muñoz";"En contra";"https://www.camara.cl/legislacion/sala_sesiones/votacion_detalle.aspx?prmIdVotacion=32536"
"Juan Luis Castro González";"En contra";"https://www.camara.cl/legislacion/sala_sesiones/votacion_detalle.aspx?prmIdVotacion=32536"
"Ricardo Celis Araya";"En contra";"https://www.camara.cl/legislacion/sala_sesiones/votacion_detalle.aspx?prmIdVotacion=32536"
"Daniella Cicardini Milla";"En contra";"https://www.camara.cl/legislacion/sala_sesiones/votacion_detalle.aspx?prmIdVotacion=32536"
"Miguel Crispi Serrano";"En contra";"https://www.camara.cl/legislacion/sala_sesiones/votacion_detalle.aspx?prmIdVotacion=32536"
"Marcelo Díaz Díaz";"En contra";"https://www.camara.cl/legislacion/sala_sesiones/votacion_detalle.aspx?prmIdVotacion=32536"
"Fidel Espinoza Sandoval";"En contra";"https://www.camara.cl/legislacion/sala_sesiones/votacion_detalle.aspx?prmIdVotacion=32536"
"Maya Fernández Allende";"En contra";"https://www.camara.cl/legislacion/sala_sesiones/votacion_detalle.aspx?prmIdVotacion=32536"
"Renato Garín González";"En contra";"https://www.camara.cl/legislacion/sala_sesiones/votacion_detalle.aspx?prmIdVotacion=32536"
"Cristina Girardi Lavín";"En contra";"https://www.camara.cl/legislacion/sala_sesiones/votacion_detalle.aspx?prmIdVotacion=32536"
"Félix González Gatica";"En contra";"https://www.camara.cl/legislacion/sala_sesiones/votacion_detalle.aspx?prmIdVotacion=32536"
"Rodrigo González Torres";"En contra";"https://www.camara.cl/legislacion/sala_sesiones/votacion_detalle.aspx?prmIdVotacion=32536"
"Hugo Gutiérrez Gálvez";"En contra";"https://www.camara.cl/legislacion/sala_sesiones/votacion_detalle.aspx?prmIdVotacion=32536"
"Marcela Hernando Pérez";"En contra";"https://www.camara.cl/legislacion/sala_sesiones/votacion_detalle.aspx?prmIdVotacion=32536"
"Carmen Hertz Cádiz";"En contra";"https://www.camara.cl/legislacion/sala_sesiones/votacion_detalle.aspx?prmIdVotacion=32536"
"Tomás Hirsch Goldschmidt";"En contra";"https://www.camara.cl/legislacion/sala_sesiones/votacion_detalle.aspx?prmIdVotacion=32536"
"Diego Ibáñez Cotroneo";"En contra";"https://www.camara.cl/legislacion/sala_sesiones/votacion_detalle.aspx?prmIdVotacion=32536"
"Marcos Ilabaca Cerda";"En contra";"https://www.camara.cl/legislacion/sala_sesiones/votacion_detalle.aspx?prmIdVotacion=32536"
"Giorgio Jackson Drago";"En contra";"https://www.camara.cl/legislacion/sala_sesiones/votacion_detalle.aspx?prmIdVotacion=32536"
"Pamela Jiles Moreno";"En contra";"https://www.camara.cl/legislacion/sala_sesiones/votacion_detalle.aspx?prmIdVotacion=32536"
"Tucapel Jiménez Fuentes";"En contra";"https://www.camara.cl/legislacion/sala_sesiones/votacion_detalle.aspx?prmIdVotacion=32536"
"Raúl Leiva Carvajal";"En contra";"https://www.camara.cl/legislacion/sala_sesiones/votacion_detalle.aspx?prmIdVotacion=32536"
"Carolina Marzán Pinto";"En contra";"https://www.camara.cl/legislacion/sala_sesiones/votacion_detalle.aspx?prmIdVotacion=32536"
"Cosme Mellado Pino";"En contra";"https://www.camara.cl/legislacion/sala_sesiones/votacion_detalle.aspx?prmIdVotacion=32536"
"Vlado Mirosevic Verdugo";"En contra";"https://www.camara.cl/legislacion/sala_sesiones/votacion_detalle.aspx?prmIdVotacion=32536"
"Claudia Mix Jiménez";"En contra";"https://www.camara.cl/legislacion/sala_sesiones/votacion_detalle.aspx?prmIdVotacion=32536"
"Manuel Monsalve Benavides";"En contra";"https://www.camara.cl/legislacion/sala_sesiones/votacion_detalle.aspx?prmIdVotacion=32536"
"Jaime Mulet Martínez";"En contra";"https://www.camara.cl/legislacion/sala_sesiones/votacion_detalle.aspx?prmIdVotacion=32536"
"Jaime Naranjo Ortiz";"En contra";"https://www.camara.cl/legislacion/sala_sesiones/votacion_detalle.aspx?prmIdVotacion=32536"
"Daniel Núñez Arancibia";"En contra";"https://www.camara.cl/legislacion/sala_sesiones/votacion_detalle.aspx?prmIdVotacion=32536"
"Emilia Nuyado Ancapichún";"En contra";"https://www.camara.cl/legislacion/sala_sesiones/votacion_detalle.aspx?prmIdVotacion=32536"
"Maite Orsini Pascal";"En contra";"https://www.camara.cl/legislacion/sala_sesiones/votacion_detalle.aspx?prmIdVotacion=32536"
"Andrea Parra Sauterel";"En contra";"https://www.camara.cl/legislacion/sala_sesiones/votacion_detalle.aspx?prmIdVotacion=32536"
"Catalina Pérez Salinas";"En contra";"https://www.camara.cl/legislacion/sala_sesiones/votacion_detalle.aspx?prmIdVotacion=32536"
"Luis Rocafull López";"En contra";"https://www.camara.cl/legislacion/sala_sesiones/votacion_detalle.aspx?prmIdVotacion=32536"
"Camila Rojas Valderrama";"En contra";"https://www.camara.cl/legislacion/sala_sesiones/votacion_detalle.aspx?prmIdVotacion=32536"
"Gastón Saavedra Chandía";"En contra";"https://www.camara.cl/legislacion/sala_sesiones/votacion_detalle.aspx?prmIdVotacion=32536"
"René Saffirio Espinoza";"En contra";"https://www.camara.cl/legislacion/sala_sesiones/votacion_detalle.aspx?prmIdVotacion=32536"
"Raúl Saldívar Auger";"En contra";"https://www.camara.cl/legislacion/sala_sesiones/votacion_detalle.aspx?prmIdVotacion=32536"
"Juan Santana Castillo";"En contra";"https://www.camara.cl/legislacion/sala_sesiones/votacion_detalle.aspx?prmIdVotacion=32536"
"Marisela Santibáñez Novoa";"En contra";"https://www.camara.cl/legislacion/sala_sesiones/votacion_detalle.aspx?prmIdVotacion=32536"
"Marcelo Schilling Rodríguez";"En contra";"https://www.camara.cl/legislacion/sala_sesiones/votacion_detalle.aspx?prmIdVotacion=32536"
"Alejandra Sepúlveda Orbenes";"En contra";"https://www.camara.cl/legislacion/sala_sesiones/votacion_detalle.aspx?prmIdVotacion=32536"
"Alexis Sepúlveda Soto";"En contra";"https://www.camara.cl/legislacion/sala_sesiones/votacion_detalle.aspx?prmIdVotacion=32536"
"Leonardo Soto Ferrada";"En contra";"https://www.camara.cl/legislacion/sala_sesiones/votacion_detalle.aspx?prmIdVotacion=32536"
"Raúl Soto Mardones";"En contra";"https://www.camara.cl/legislacion/sala_sesiones/votacion_detalle.aspx?prmIdVotacion=32536"
"Jaime Tohá González";"En contra";"https://www.camara.cl/legislacion/sala_sesiones/votacion_detalle.aspx?prmIdVotacion=32536"
"Víctor Torres Jeldes";"En contra";"https://www.camara.cl/legislacion/sala_sesiones/votacion_detalle.aspx?prmIdVotacion=32536"
"Camila Vallejo Dowling";"En contra";"https://www.camara.cl/legislacion/sala_sesiones/votacion_detalle.aspx?prmIdVotacion=32536"
"Esteban Velásquez Núñez";"En contra";"https://www.camara.cl/legislacion/sala_sesiones/votacion_detalle.aspx?prmIdVotacion=32536"
"Mario Venegas Cárdenas";"En contra";"https://www.camara.cl/legislacion/sala_sesiones/votacion_detalle.aspx?prmIdVotacion=32536"
"Pablo Vidal Rojas";"En contra";"https://www.camara.cl/legislacion/sala_sesiones/votacion_detalle.aspx?prmIdVotacion=32536"
"Gonzalo Winter Etcheberry";"En contra";"https://www.camara.cl/legislacion/sala_sesiones/votacion_detalle.aspx?prmIdVotacion=32536"
"Gael Yeomans Araya";"En contra";"https://www.camara.cl/legislacion/sala_sesiones/votacion_detalle.aspx?prmIdVotacion=32536"
"Jorge Alessandri Vergara";"A favor";"https://www.camara.cl/legislacion/sala_sesiones/votacion_detalle.aspx?prmIdVotacion=32535"
"Sebastián Álvarez Ramírez";"A favor";"https://www.camara.cl/legislacion/sala_sesiones/votacion_detalle.aspx?prmIdVotacion=32535"
"Pedro Pablo Alvarez-Salamanca Ramírez";"A favor";"https://www.camara.cl/legislacion/sala_sesiones/votacion_detalle.aspx?prmIdVotacion=32535"
"Sandra Amar Mancilla";"A favor";"https://www.camara.cl/legislacion/sala_sesiones/votacion_detalle.aspx?prmIdVotacion=32535"
"Pepe Auth Stewart";"A favor";"https://www.camara.cl/legislacion/sala_sesiones/votacion_detalle.aspx?prmIdVotacion=32535"
"Nino Baltolu Rasera";"A favor";"https://www.camara.cl/legislacion/sala_sesiones/votacion_detalle.aspx?prmIdVotacion=32535"
"Ramón Barros Montero";"A favor";"https://www.camara.cl/legislacion/sala_sesiones/votacion_detalle.aspx?prmIdVotacion=32535"
"Jaime Bellolio Avaria";"A favor";"https://www.camara.cl/legislacion/sala_sesiones/votacion_detalle.aspx?prmIdVotacion=32535"
"Bernardo Berger Fett";"A favor";"https://www.camara.cl/legislacion/sala_sesiones/votacion_detalle.aspx?prmIdVotacion=32535"
"Sergio Bobadilla Muñoz";"A favor";"https://www.camara.cl/legislacion/sala_sesiones/votacion_detalle.aspx?prmIdVotacion=32535"
"Álvaro Carter Fernández";"A favor";"https://www.camara.cl/legislacion/sala_sesiones/votacion_detalle.aspx?prmIdVotacion=32535"
"José Miguel Castro Bascuñán";"A favor";"https://www.camara.cl/legislacion/sala_sesiones/votacion_detalle.aspx?prmIdVotacion=32535"
"Andrés Celis Montt";"A favor";"https://www.camara.cl/legislacion/sala_sesiones/votacion_detalle.aspx?prmIdVotacion=32535"
"Sofía Cid Versalovic";"A favor";"https://www.camara.cl/legislacion/sala_sesiones/votacion_detalle.aspx?prmIdVotacion=32535"
"Juan Antonio Coloma Álamos";"A favor";"https://www.camara.cl/legislacion/sala_sesiones/votacion_detalle.aspx?prmIdVotacion=32535"
"Luciano Cruz-Coke Carvallo";"A favor";"https://www.camara.cl/legislacion/sala_sesiones/votacion_detalle.aspx?prmIdVotacion=32535"
"Catalina Del Real Mihovilovic";"A favor";"https://www.camara.cl/legislacion/sala_sesiones/votacion_detalle.aspx?prmIdVotacion=32535"
"Mario Desbordes Jiménez";"A favor";"https://www.camara.cl/legislacion/sala_sesiones/votacion_detalle.aspx?prmIdVotacion=32535"
"Jorge Durán Espinoza";"A favor";"https://www.camara.cl/legislacion/sala_sesiones/votacion_detalle.aspx?prmIdVotacion=32535"
"Eduardo Durán Salinas";"A favor";"https://www.camara.cl/legislacion/sala_sesiones/votacion_detalle.aspx?prmIdVotacion=32535"
"Francisco Eguiguren Correa";"A favor";"https://www.camara.cl/legislacion/sala_sesiones/votacion_detalle.aspx?prmIdVotacion=32535"
"Camila Flores Oporto";"A favor";"https://www.camara.cl/legislacion/sala_sesiones/votacion_detalle.aspx?prmIdVotacion=32535"
"Juan Fuenzalida Cobo";"A favor";"https://www.camara.cl/legislacion/sala_sesiones/votacion_detalle.aspx?prmIdVotacion=32535"
"Gonzalo Fuenzalida Figueroa";"A favor";"https://www.camara.cl/legislacion/sala_sesiones/votacion_detalle.aspx?prmIdVotacion=32535"
"Sergio Gahona Salazar";"A favor";"https://www.camara.cl/legislacion/sala_sesiones/votacion_detalle.aspx?prmIdVotacion=32535"
"Ramón Galleguillos Castillo";"A favor";"https://www.camara.cl/legislacion/sala_sesiones/votacion_detalle.aspx?prmIdVotacion=32535"
"René Manuel García García";"A favor";"https://www.camara.cl/legislacion/sala_sesiones/votacion_detalle.aspx?prmIdVotacion=32535"
"Javier Hernández Hernández";"A favor";"https://www.camara.cl/legislacion/sala_sesiones/votacion_detalle.aspx?prmIdVotacion=32535"
"María José Hoffmann Opazo";"A favor";"https://www.camara.cl/legislacion/sala_sesiones/votacion_detalle.aspx?prmIdVotacion=32535"
"Carlos Abel Jarpa Wevar";"A favor";"https://www.camara.cl/legislacion/sala_sesiones/votacion_detalle.aspx?prmIdVotacion=32535"
"Harry Jürgensen Rundshagen";"A favor";"https://www.camara.cl/legislacion/sala_sesiones/votacion_detalle.aspx?prmIdVotacion=32535"
"Pablo Kast Sommerhoff";"A favor";"https://www.camara.cl/legislacion/sala_sesiones/votacion_detalle.aspx?prmIdVotacion=32535"
"Sebastián Keitel Bianchi";"A favor";"https://www.camara.cl/legislacion/sala_sesiones/votacion_detalle.aspx?prmIdVotacion=32535"
"Issa Kort Garriga";"A favor";"https://www.camara.cl/legislacion/sala_sesiones/votacion_detalle.aspx?prmIdVotacion=32535"
"Carlos Kuschel Silva";"A favor";"https://www.camara.cl/legislacion/sala_sesiones/votacion_detalle.aspx?prmIdVotacion=32535"
"Joaquín Lavín León";"A favor";"https://www.camara.cl/legislacion/sala_sesiones/votacion_detalle.aspx?prmIdVotacion=32535"
"Andrés Longton Herrera";"A favor";"https://www.camara.cl/legislacion/sala_sesiones/votacion_detalle.aspx?prmIdVotacion=32535"
"Karin Luck Urban";"A favor";"https://www.camara.cl/legislacion/sala_sesiones/votacion_detalle.aspx?prmIdVotacion=32535"
"Javier Macaya Danús";"A favor";"https://www.camara.cl/legislacion/sala_sesiones/votacion_detalle.aspx?prmIdVotacion=32535"
"Manuel Matta Aragay";"A favor";"https://www.camara.cl/legislacion/sala_sesiones/votacion_detalle.aspx?prmIdVotacion=32535"
"Patricio Melero Abaroa";"A favor";"https://www.camara.cl/legislacion/sala_sesiones/votacion_detalle.aspx?prmIdVotacion=32535"
"Miguel Mellado Suazo";"A favor";"https://www.camara.cl/legislacion/sala_sesiones/votacion_detalle.aspx?prmIdVotacion=32535"
"Fernando Meza Moncada";"A favor";"https://www.camara.cl/legislacion/sala_sesiones/votacion_detalle.aspx?prmIdVotacion=32535"
"Andrés Molina Magofke";"A favor";"https://www.camara.cl/legislacion/sala_sesiones/votacion_detalle.aspx?prmIdVotacion=32535"
"Celso Morales Muñoz";"A favor";"https://www.camara.cl/legislacion/sala_sesiones/votacion_detalle.aspx?prmIdVotacion=32535"
"Cristhian Moreira Barros";"A favor";"https://www.camara.cl/legislacion/sala_sesiones/votacion_detalle.aspx?prmIdVotacion=32535"
"Francesca Muñoz González";"A favor";"https://www.camara.cl/legislacion/sala_sesiones/votacion_detalle.aspx?prmIdVotacion=32535"
"Nicolás Noman Garrido";"A favor";"https://www.camara.cl/legislacion/sala_sesiones/votacion_detalle.aspx?prmIdVotacion=32535"
"Paulina Núñez Urrutia";"A favor";"https://www.camara.cl/legislacion/sala_sesiones/votacion_detalle.aspx?prmIdVotacion=32535"
"Erika Olivera De La Fuente";"A favor";"https://www.camara.cl/legislacion/sala_sesiones/votacion_detalle.aspx?prmIdVotacion=32535"
"Ximena Ossandón Irarrázabal";"A favor";"https://www.camara.cl/legislacion/sala_sesiones/votacion_detalle.aspx?prmIdVotacion=32535"
"Luis Pardo Sáinz";"A favor";"https://www.camara.cl/legislacion/sala_sesiones/votacion_detalle.aspx?prmIdVotacion=32535"
"Diego Paulsen Kehr";"A favor";"https://www.camara.cl/legislacion/sala_sesiones/votacion_detalle.aspx?prmIdVotacion=32535"
"José Pérez Arriagada";"A favor";"https://www.camara.cl/legislacion/sala_sesiones/votacion_detalle.aspx?prmIdVotacion=32535"
"Leopoldo Pérez Lahsen";"A favor";"https://www.camara.cl/legislacion/sala_sesiones/votacion_detalle.aspx?prmIdVotacion=32535"
"Pablo Prieto Lorca";"A favor";"https://www.camara.cl/legislacion/sala_sesiones/votacion_detalle.aspx?prmIdVotacion=32535"
"Guillermo Ramírez Diez";"A favor";"https://www.camara.cl/legislacion/sala_sesiones/votacion_detalle.aspx?prmIdVotacion=32535"
"Jorge Rathgeb Schifferli";"A favor";"https://www.camara.cl/legislacion/sala_sesiones/votacion_detalle.aspx?prmIdVotacion=32535"
"Rolando Rentería Moller";"A favor";"https://www.camara.cl/legislacion/sala_sesiones/votacion_detalle.aspx?prmIdVotacion=32535"
"Hugo Rey Martínez";"A favor";"https://www.camara.cl/legislacion/sala_sesiones/votacion_detalle.aspx?prmIdVotacion=32535"
"Leonidas Romero Sáez";"A favor";"https://www.camara.cl/legislacion/sala_sesiones/votacion_detalle.aspx?prmIdVotacion=32535"
"Jorge Sabag Villalobos";"A favor";"https://www.camara.cl/legislacion/sala_sesiones/votacion_detalle.aspx?prmIdVotacion=32535"
"Marcela Sabat Fernández";"A favor";"https://www.camara.cl/legislacion/sala_sesiones/votacion_detalle.aspx?prmIdVotacion=32535"
"Gustavo Sanhueza Dueñas";"A favor";"https://www.camara.cl/legislacion/sala_sesiones/votacion_detalle.aspx?prmIdVotacion=32535"
"Alejandro Santana Tirachini";"A favor";"https://www.camara.cl/legislacion/sala_sesiones/votacion_detalle.aspx?prmIdVotacion=32535"
"Diego Schalper Sepúlveda";"A favor";"https://www.camara.cl/legislacion/sala_sesiones/votacion_detalle.aspx?prmIdVotacion=32535"
"Sebastián Torrealba Alvarado";"A favor";"https://www.camara.cl/legislacion/sala_sesiones/votacion_detalle.aspx?prmIdVotacion=32535"
"Renzo Trisotti Martínez";"A favor";"https://www.camara.cl/legislacion/sala_sesiones/votacion_detalle.aspx?prmIdVotacion=32535"
"Virginia Troncoso Hellman";"A favor";"https://www.camara.cl/legislacion/sala_sesiones/votacion_detalle.aspx?prmIdVotacion=32535"
"Francisco Undurraga Gazitúa";"A favor";"https://www.camara.cl/legislacion/sala_sesiones/votacion_detalle.aspx?prmIdVotacion=32535"
"Ignacio Urrutia Bonilla";"A favor";"https://www.camara.cl/legislacion/sala_sesiones/votacion_detalle.aspx?prmIdVotacion=32535"
"Osvaldo Urrutia Soto";"A favor";"https://www.camara.cl/legislacion/sala_sesiones/votacion_detalle.aspx?prmIdVotacion=32535"
"Cristóbal Urruticoechea Ríos";"A favor";"https://www.camara.cl/legislacion/sala_sesiones/votacion_detalle.aspx?prmIdVotacion=32535"
"Enrique Van Rysselberghe Herrera";"A favor";"https://www.camara.cl/legislacion/sala_sesiones/votacion_detalle.aspx?prmIdVotacion=32535"
"Daniel Verdessi Belemmi";"A favor";"https://www.camara.cl/legislacion/sala_sesiones/votacion_detalle.aspx?prmIdVotacion=32535"
"Gastón Von Mühlenbrock Zamora";"A favor";"https://www.camara.cl/legislacion/sala_sesiones/votacion_detalle.aspx?prmIdVotacion=32535"
"Matías Walker Prieto";"A favor";"https://www.camara.cl/legislacion/sala_sesiones/votacion_detalle.aspx?prmIdVotacion=32535"
"Florcita Alarcón Rojas";"En contra";"https://www.camara.cl/legislacion/sala_sesiones/votacion_detalle.aspx?prmIdVotacion=32535"
"René Alinco Bustos";"En contra";"https://www.camara.cl/legislacion/sala_sesiones/votacion_detalle.aspx?prmIdVotacion=32535"
"Jenny Álvarez Vera";"En contra";"https://www.camara.cl/legislacion/sala_sesiones/votacion_detalle.aspx?prmIdVotacion=32535"
"Boris Barrera Moreno";"En contra";"https://www.camara.cl/legislacion/sala_sesiones/votacion_detalle.aspx?prmIdVotacion=32535"
"Alejandro Bernales Maldonado";"En contra";"https://www.camara.cl/legislacion/sala_sesiones/votacion_detalle.aspx?prmIdVotacion=32535"
"Karim Bianchi Retamales";"En contra";"https://www.camara.cl/legislacion/sala_sesiones/votacion_detalle.aspx?prmIdVotacion=32535"
"Gabriel Boric Font";"En contra";"https://www.camara.cl/legislacion/sala_sesiones/votacion_detalle.aspx?prmIdVotacion=32535"
"Jorge Brito Hasbún";"En contra";"https://www.camara.cl/legislacion/sala_sesiones/votacion_detalle.aspx?prmIdVotacion=32535"
"Karol Cariola Oliva";"En contra";"https://www.camara.cl/legislacion/sala_sesiones/votacion_detalle.aspx?prmIdVotacion=32535"
"Loreto Carvajal Ambiado";"En contra";"https://www.camara.cl/legislacion/sala_sesiones/votacion_detalle.aspx?prmIdVotacion=32535"
"Natalia Castillo Muñoz";"En contra";"https://www.camara.cl/legislacion/sala_sesiones/votacion_detalle.aspx?prmIdVotacion=32535"
"Juan Luis Castro González";"En contra";"https://www.camara.cl/legislacion/sala_sesiones/votacion_detalle.aspx?prmIdVotacion=32535"
"Ricardo Celis Araya";"En contra";"https://www.camara.cl/legislacion/sala_sesiones/votacion_detalle.aspx?prmIdVotacion=32535"
"Daniella Cicardini Milla";"En contra";"https://www.camara.cl/legislacion/sala_sesiones/votacion_detalle.aspx?prmIdVotacion=32535"
"Miguel Crispi Serrano";"En contra";"https://www.camara.cl/legislacion/sala_sesiones/votacion_detalle.aspx?prmIdVotacion=32535"
"Marcelo Díaz Díaz";"En contra";"https://www.camara.cl/legislacion/sala_sesiones/votacion_detalle.aspx?prmIdVotacion=32535"
"Fidel Espinoza Sandoval";"En contra";"https://www.camara.cl/legislacion/sala_sesiones/votacion_detalle.aspx?prmIdVotacion=32535"
"Maya Fernández Allende";"En contra";"https://www.camara.cl/legislacion/sala_sesiones/votacion_detalle.aspx?prmIdVotacion=32535"
"Iván Flores García";"En contra";"https://www.camara.cl/legislacion/sala_sesiones/votacion_detalle.aspx?prmIdVotacion=32535"
"Renato Garín González";"En contra";"https://www.camara.cl/legislacion/sala_sesiones/votacion_detalle.aspx?prmIdVotacion=32535"
"Cristina Girardi Lavín";"En contra";"https://www.camara.cl/legislacion/sala_sesiones/votacion_detalle.aspx?prmIdVotacion=32535"
"Félix González Gatica";"En contra";"https://www.camara.cl/legislacion/sala_sesiones/votacion_detalle.aspx?prmIdVotacion=32535"
"Rodrigo González Torres";"En contra";"https://www.camara.cl/legislacion/sala_sesiones/votacion_detalle.aspx?prmIdVotacion=32535"
"Hugo Gutiérrez Gálvez";"En contra";"https://www.camara.cl/legislacion/sala_sesiones/votacion_detalle.aspx?prmIdVotacion=32535"
"Marcela Hernando Pérez";"En contra";"https://www.camara.cl/legislacion/sala_sesiones/votacion_detalle.aspx?prmIdVotacion=32535"
"Carmen Hertz Cádiz";"En contra";"https://www.camara.cl/legislacion/sala_sesiones/votacion_detalle.aspx?prmIdVotacion=32535"
"Tomás Hirsch Goldschmidt";"En contra";"https://www.camara.cl/legislacion/sala_sesiones/votacion_detalle.aspx?prmIdVotacion=32535"
"Diego Ibáñez Cotroneo";"En contra";"https://www.camara.cl/legislacion/sala_sesiones/votacion_detalle.aspx?prmIdVotacion=32535"
"Marcos Ilabaca Cerda";"En contra";"https://www.camara.cl/legislacion/sala_sesiones/votacion_detalle.aspx?prmIdVotacion=32535"
"Giorgio Jackson Drago";"En contra";"https://www.camara.cl/legislacion/sala_sesiones/votacion_detalle.aspx?prmIdVotacion=32535"
"Pamela Jiles Moreno";"En contra";"https://www.camara.cl/legislacion/sala_sesiones/votacion_detalle.aspx?prmIdVotacion=32535"
"Tucapel Jiménez Fuentes";"En contra";"https://www.camara.cl/legislacion/sala_sesiones/votacion_detalle.aspx?prmIdVotacion=32535"
"Raúl Leiva Carvajal";"En contra";"https://www.camara.cl/legislacion/sala_sesiones/votacion_detalle.aspx?prmIdVotacion=32535"
"Carolina Marzán Pinto";"En contra";"https://www.camara.cl/legislacion/sala_sesiones/votacion_detalle.aspx?prmIdVotacion=32535"
"Cosme Mellado Pino";"En contra";"https://www.camara.cl/legislacion/sala_sesiones/votacion_detalle.aspx?prmIdVotacion=32535"
"Vlado Mirosevic Verdugo";"En contra";"https://www.camara.cl/legislacion/sala_sesiones/votacion_detalle.aspx?prmIdVotacion=32535"
"Claudia Mix Jiménez";"En contra";"https://www.camara.cl/legislacion/sala_sesiones/votacion_detalle.aspx?prmIdVotacion=32535"
"Manuel Monsalve Benavides";"En contra";"https://www.camara.cl/legislacion/sala_sesiones/votacion_detalle.aspx?prmIdVotacion=32535"
"Jaime Mulet Martínez";"En contra";"https://www.camara.cl/legislacion/sala_sesiones/votacion_detalle.aspx?prmIdVotacion=32535"
"Jaime Naranjo Ortiz";"En contra";"https://www.camara.cl/legislacion/sala_sesiones/votacion_detalle.aspx?prmIdVotacion=32535"
"Daniel Núñez Arancibia";"En contra";"https://www.camara.cl/legislacion/sala_sesiones/votacion_detalle.aspx?prmIdVotacion=32535"
"Emilia Nuyado Ancapichún";"En contra";"https://www.camara.cl/legislacion/sala_sesiones/votacion_detalle.aspx?prmIdVotacion=32535"
"Maite Orsini Pascal";"En contra";"https://www.camara.cl/legislacion/sala_sesiones/votacion_detalle.aspx?prmIdVotacion=32535"
"Andrea Parra Sauterel";"En contra";"https://www.camara.cl/legislacion/sala_sesiones/votacion_detalle.aspx?prmIdVotacion=32535"
"Catalina Pérez Salinas";"En contra";"https://www.camara.cl/legislacion/sala_sesiones/votacion_detalle.aspx?prmIdVotacion=32535"
"Luis Rocafull López";"En contra";"https://www.camara.cl/legislacion/sala_sesiones/votacion_detalle.aspx?prmIdVotacion=32535"
"Camila Rojas Valderrama";"En contra";"https://www.camara.cl/legislacion/sala_sesiones/votacion_detalle.aspx?prmIdVotacion=32535"
"Gastón Saavedra Chandía";"En contra";"https://www.camara.cl/legislacion/sala_sesiones/votacion_detalle.aspx?prmIdVotacion=32535"
"René Saffirio Espinoza";"En contra";"https://www.camara.cl/legislacion/sala_sesiones/votacion_detalle.aspx?prmIdVotacion=32535"
"Raúl Saldívar Auger";"En contra";"https://www.camara.cl/legislacion/sala_sesiones/votacion_detalle.aspx?prmIdVotacion=32535"
"Juan Santana Castillo";"En contra";"https://www.camara.cl/legislacion/sala_sesiones/votacion_detalle.aspx?prmIdVotacion=32535"
"Marisela Santibáñez Novoa";"En contra";"https://www.camara.cl/legislacion/sala_sesiones/votacion_detalle.aspx?prmIdVotacion=32535"
"Marcelo Schilling Rodríguez";"En contra";"https://www.camara.cl/legislacion/sala_sesiones/votacion_detalle.aspx?prmIdVotacion=32535"
"Alejandra Sepúlveda Orbenes";"En contra";"https://www.camara.cl/legislacion/sala_sesiones/votacion_detalle.aspx?prmIdVotacion=32535"
"Alexis Sepúlveda Soto";"En contra";"https://www.camara.cl/legislacion/sala_sesiones/votacion_detalle.aspx?prmIdVotacion=32535"
"Leonardo Soto Ferrada";"En contra";"https://www.camara.cl/legislacion/sala_sesiones/votacion_detalle.aspx?prmIdVotacion=32535"
"Raúl Soto Mardones";"En contra";"https://www.camara.cl/legislacion/sala_sesiones/votacion_detalle.aspx?prmIdVotacion=32535"
"Jaime Tohá González";"En contra";"https://www.camara.cl/legislacion/sala_sesiones/votacion_detalle.aspx?prmIdVotacion=32535"
"Víctor Torres Jeldes";"En contra";"https://www.camara.cl/legislacion/sala_sesiones/votacion_detalle.aspx?prmIdVotacion=32535"
"Camila Vallejo Dowling";"En contra";"https://www.camara.cl/legislacion/sala_sesiones/votacion_detalle.aspx?prmIdVotacion=32535"
"Esteban Velásquez Núñez";"En contra";"https://www.camara.cl/legislacion/sala_sesiones/votacion_detalle.aspx?prmIdVotacion=32535"
"Pedro Velásquez Seguel";"En contra";"https://www.camara.cl/legislacion/sala_sesiones/votacion_detalle.aspx?prmIdVotacion=32535"
"Mario Venegas Cárdenas";"En contra";"https://www.camara.cl/legislacion/sala_sesiones/votacion_detalle.aspx?prmIdVotacion=32535"
"Pablo Vidal Rojas";"En contra";"https://www.camara.cl/legislacion/sala_sesiones/votacion_detalle.aspx?prmIdVotacion=32535"
"Gonzalo Winter Etcheberry";"En contra";"https://www.camara.cl/legislacion/sala_sesiones/votacion_detalle.aspx?prmIdVotacion=32535"
"Gael Yeomans Araya";"En contra";"https://www.camara.cl/legislacion/sala_sesiones/votacion_detalle.aspx?prmIdVotacion=32535"
"Miguel Ángel Calisto Águila";"Abstención";"https://www.camara.cl/legislacion/sala_sesiones/votacion_detalle.aspx?prmIdVotacion=32535"
"Pablo Lorenzini Basso";"Abstención";"https://www.camara.cl/legislacion/sala_sesiones/votacion_detalle.aspx?prmIdVotacion=32535"
"José Miguel Ortiz Novoa";"Abstención";"https://www.camara.cl/legislacion/sala_sesiones/votacion_detalle.aspx?prmIdVotacion=32535"
"Joanna Pérez Olea";"Abstención";"https://www.camara.cl/legislacion/sala_sesiones/votacion_detalle.aspx?prmIdVotacion=32535"
"Gabriel Silber Romo";"Abstención";"https://www.camara.cl/legislacion/sala_sesiones/votacion_detalle.aspx?prmIdVotacion=32535"
"Jorge Alessandri Vergara";"A favor";"https://www.camara.cl/legislacion/sala_sesiones/votacion_detalle.aspx?prmIdVotacion=32534"
"Sebastián Álvarez Ramírez";"A favor";"https://www.camara.cl/legislacion/sala_sesiones/votacion_detalle.aspx?prmIdVotacion=32534"
"Pedro Pablo Alvarez-Salamanca Ramírez";"A favor";"https://www.camara.cl/legislacion/sala_sesiones/votacion_detalle.aspx?prmIdVotacion=32534"
"Sandra Amar Mancilla";"A favor";"https://www.camara.cl/legislacion/sala_sesiones/votacion_detalle.aspx?prmIdVotacion=32534"
"Pepe Auth Stewart";"A favor";"https://www.camara.cl/legislacion/sala_sesiones/votacion_detalle.aspx?prmIdVotacion=32534"
"Nino Baltolu Rasera";"A favor";"https://www.camara.cl/legislacion/sala_sesiones/votacion_detalle.aspx?prmIdVotacion=32534"
"Ramón Barros Montero";"A favor";"https://www.camara.cl/legislacion/sala_sesiones/votacion_detalle.aspx?prmIdVotacion=32534"
"Jaime Bellolio Avaria";"A favor";"https://www.camara.cl/legislacion/sala_sesiones/votacion_detalle.aspx?prmIdVotacion=32534"
"Bernardo Berger Fett";"A favor";"https://www.camara.cl/legislacion/sala_sesiones/votacion_detalle.aspx?prmIdVotacion=32534"
"Sergio Bobadilla Muñoz";"A favor";"https://www.camara.cl/legislacion/sala_sesiones/votacion_detalle.aspx?prmIdVotacion=32534"
"Miguel Ángel Calisto Águila";"A favor";"https://www.camara.cl/legislacion/sala_sesiones/votacion_detalle.aspx?prmIdVotacion=32534"
"Álvaro Carter Fernández";"A favor";"https://www.camara.cl/legislacion/sala_sesiones/votacion_detalle.aspx?prmIdVotacion=32534"
"José Miguel Castro Bascuñán";"A favor";"https://www.camara.cl/legislacion/sala_sesiones/votacion_detalle.aspx?prmIdVotacion=32534"
"Andrés Celis Montt";"A favor";"https://www.camara.cl/legislacion/sala_sesiones/votacion_detalle.aspx?prmIdVotacion=32534"
"Sofía Cid Versalovic";"A favor";"https://www.camara.cl/legislacion/sala_sesiones/votacion_detalle.aspx?prmIdVotacion=32534"
"Juan Antonio Coloma Álamos";"A favor";"https://www.camara.cl/legislacion/sala_sesiones/votacion_detalle.aspx?prmIdVotacion=32534"
"Luciano Cruz-Coke Carvallo";"A favor";"https://www.camara.cl/legislacion/sala_sesiones/votacion_detalle.aspx?prmIdVotacion=32534"
"Catalina Del Real Mihovilovic";"A favor";"https://www.camara.cl/legislacion/sala_sesiones/votacion_detalle.aspx?prmIdVotacion=32534"
"Mario Desbordes Jiménez";"A favor";"https://www.camara.cl/legislacion/sala_sesiones/votacion_detalle.aspx?prmIdVotacion=32534"
"Jorge Durán Espinoza";"A favor";"https://www.camara.cl/legislacion/sala_sesiones/votacion_detalle.aspx?prmIdVotacion=32534"
"Eduardo Durán Salinas";"A favor";"https://www.camara.cl/legislacion/sala_sesiones/votacion_detalle.aspx?prmIdVotacion=32534"
"Francisco Eguiguren Correa";"A favor";"https://www.camara.cl/legislacion/sala_sesiones/votacion_detalle.aspx?prmIdVotacion=32534"
"Camila Flores Oporto";"A favor";"https://www.camara.cl/legislacion/sala_sesiones/votacion_detalle.aspx?prmIdVotacion=32534"
"Juan Fuenzalida Cobo";"A favor";"https://www.camara.cl/legislacion/sala_sesiones/votacion_detalle.aspx?prmIdVotacion=32534"
"Gonzalo Fuenzalida Figueroa";"A favor";"https://www.camara.cl/legislacion/sala_sesiones/votacion_detalle.aspx?prmIdVotacion=32534"
"Sergio Gahona Salazar";"A favor";"https://www.camara.cl/legislacion/sala_sesiones/votacion_detalle.aspx?prmIdVotacion=32534"
"Ramón Galleguillos Castillo";"A favor";"https://www.camara.cl/legislacion/sala_sesiones/votacion_detalle.aspx?prmIdVotacion=32534"
"René Manuel García García";"A favor";"https://www.camara.cl/legislacion/sala_sesiones/votacion_detalle.aspx?prmIdVotacion=32534"
"Javier Hernández Hernández";"A favor";"https://www.camara.cl/legislacion/sala_sesiones/votacion_detalle.aspx?prmIdVotacion=32534"
"María José Hoffmann Opazo";"A favor";"https://www.camara.cl/legislacion/sala_sesiones/votacion_detalle.aspx?prmIdVotacion=32534"
"Carlos Abel Jarpa Wevar";"A favor";"https://www.camara.cl/legislacion/sala_sesiones/votacion_detalle.aspx?prmIdVotacion=32534"
"Harry Jürgensen Rundshagen";"A favor";"https://www.camara.cl/legislacion/sala_sesiones/votacion_detalle.aspx?prmIdVotacion=32534"
"Pablo Kast Sommerhoff";"A favor";"https://www.camara.cl/legislacion/sala_sesiones/votacion_detalle.aspx?prmIdVotacion=32534"
"Sebastián Keitel Bianchi";"A favor";"https://www.camara.cl/legislacion/sala_sesiones/votacion_detalle.aspx?prmIdVotacion=32534"
"Issa Kort Garriga";"A favor";"https://www.camara.cl/legislacion/sala_sesiones/votacion_detalle.aspx?prmIdVotacion=32534"
"Carlos Kuschel Silva";"A favor";"https://www.camara.cl/legislacion/sala_sesiones/votacion_detalle.aspx?prmIdVotacion=32534"
"Joaquín Lavín León";"A favor";"https://www.camara.cl/legislacion/sala_sesiones/votacion_detalle.aspx?prmIdVotacion=32534"
"Andrés Longton Herrera";"A favor";"https://www.camara.cl/legislacion/sala_sesiones/votacion_detalle.aspx?prmIdVotacion=32534"
"Pablo Lorenzini Basso";"A favor";"https://www.camara.cl/legislacion/sala_sesiones/votacion_detalle.aspx?prmIdVotacion=32534"
"Karin Luck Urban";"A favor";"https://www.camara.cl/legislacion/sala_sesiones/votacion_detalle.aspx?prmIdVotacion=32534"
"Javier Macaya Danús";"A favor";"https://www.camara.cl/legislacion/sala_sesiones/votacion_detalle.aspx?prmIdVotacion=32534"
"Manuel Matta Aragay";"A favor";"https://www.camara.cl/legislacion/sala_sesiones/votacion_detalle.aspx?prmIdVotacion=32534"
"Patricio Melero Abaroa";"A favor";"https://www.camara.cl/legislacion/sala_sesiones/votacion_detalle.aspx?prmIdVotacion=32534"
"Miguel Mellado Suazo";"A favor";"https://www.camara.cl/legislacion/sala_sesiones/votacion_detalle.aspx?prmIdVotacion=32534"
"Fernando Meza Moncada";"A favor";"https://www.camara.cl/legislacion/sala_sesiones/votacion_detalle.aspx?prmIdVotacion=32534"
"Andrés Molina Magofke";"A favor";"https://www.camara.cl/legislacion/sala_sesiones/votacion_detalle.aspx?prmIdVotacion=32534"
"Celso Morales Muñoz";"A favor";"https://www.camara.cl/legislacion/sala_sesiones/votacion_detalle.aspx?prmIdVotacion=32534"
"Cristhian Moreira Barros";"A favor";"https://www.camara.cl/legislacion/sala_sesiones/votacion_detalle.aspx?prmIdVotacion=32534"
"Francesca Muñoz González";"A favor";"https://www.camara.cl/legislacion/sala_sesiones/votacion_detalle.aspx?prmIdVotacion=32534"
"Nicolás Noman Garrido";"A favor";"https://www.camara.cl/legislacion/sala_sesiones/votacion_detalle.aspx?prmIdVotacion=32534"
"Paulina Núñez Urrutia";"A favor";"https://www.camara.cl/legislacion/sala_sesiones/votacion_detalle.aspx?prmIdVotacion=32534"
"Erika Olivera De La Fuente";"A favor";"https://www.camara.cl/legislacion/sala_sesiones/votacion_detalle.aspx?prmIdVotacion=32534"
"José Miguel Ortiz Novoa";"A favor";"https://www.camara.cl/legislacion/sala_sesiones/votacion_detalle.aspx?prmIdVotacion=32534"
"Ximena Ossandón Irarrázabal";"A favor";"https://www.camara.cl/legislacion/sala_sesiones/votacion_detalle.aspx?prmIdVotacion=32534"
"Luis Pardo Sáinz";"A favor";"https://www.camara.cl/legislacion/sala_sesiones/votacion_detalle.aspx?prmIdVotacion=32534"
"Diego Paulsen Kehr";"A favor";"https://www.camara.cl/legislacion/sala_sesiones/votacion_detalle.aspx?prmIdVotacion=32534"
"José Pérez Arriagada";"A favor";"https://www.camara.cl/legislacion/sala_sesiones/votacion_detalle.aspx?prmIdVotacion=32534"
"Leopoldo Pérez Lahsen";"A favor";"https://www.camara.cl/legislacion/sala_sesiones/votacion_detalle.aspx?prmIdVotacion=32534"
"Joanna Pérez Olea";"A favor";"https://www.camara.cl/legislacion/sala_sesiones/votacion_detalle.aspx?prmIdVotacion=32534"
"Pablo Prieto Lorca";"A favor";"https://www.camara.cl/legislacion/sala_sesiones/votacion_detalle.aspx?prmIdVotacion=32534"
"Guillermo Ramírez Diez";"A favor";"https://www.camara.cl/legislacion/sala_sesiones/votacion_detalle.aspx?prmIdVotacion=32534"
"Jorge Rathgeb Schifferli";"A favor";"https://www.camara.cl/legislacion/sala_sesiones/votacion_detalle.aspx?prmIdVotacion=32534"
"Rolando Rentería Moller";"A favor";"https://www.camara.cl/legislacion/sala_sesiones/votacion_detalle.aspx?prmIdVotacion=32534"
"Hugo Rey Martínez";"A favor";"https://www.camara.cl/legislacion/sala_sesiones/votacion_detalle.aspx?prmIdVotacion=32534"
"Leonidas Romero Sáez";"A favor";"https://www.camara.cl/legislacion/sala_sesiones/votacion_detalle.aspx?prmIdVotacion=32534"
"Jorge Sabag Villalobos";"A favor";"https://www.camara.cl/legislacion/sala_sesiones/votacion_detalle.aspx?prmIdVotacion=32534"
"Marcela Sabat Fernández";"A favor";"https://www.camara.cl/legislacion/sala_sesiones/votacion_detalle.aspx?prmIdVotacion=32534"
"Gustavo Sanhueza Dueñas";"A favor";"https://www.camara.cl/legislacion/sala_sesiones/votacion_detalle.aspx?prmIdVotacion=32534"
"Alejandro Santana Tirachini";"A favor";"https://www.camara.cl/legislacion/sala_sesiones/votacion_detalle.aspx?prmIdVotacion=32534"
"Diego Schalper Sepúlveda";"A favor";"https://www.camara.cl/legislacion/sala_sesiones/votacion_detalle.aspx?prmIdVotacion=32534"
"Gabriel Silber Romo";"A favor";"https://www.camara.cl/legislacion/sala_sesiones/votacion_detalle.aspx?prmIdVotacion=32534"
"Sebastián Torrealba Alvarado";"A favor";"https://www.camara.cl/legislacion/sala_sesiones/votacion_detalle.aspx?prmIdVotacion=32534"
"Renzo Trisotti Martínez";"A favor";"https://www.camara.cl/legislacion/sala_sesiones/votacion_detalle.aspx?prmIdVotacion=32534"
"Virginia Troncoso Hellman";"A favor";"https://www.camara.cl/legislacion/sala_sesiones/votacion_detalle.aspx?prmIdVotacion=32534"
"Francisco Undurraga Gazitúa";"A favor";"https://www.camara.cl/legislacion/sala_sesiones/votacion_detalle.aspx?prmIdVotacion=32534"
"Ignacio Urrutia Bonilla";"A favor";"https://www.camara.cl/legislacion/sala_sesiones/votacion_detalle.aspx?prmIdVotacion=32534"
"Osvaldo Urrutia Soto";"A favor";"https://www.camara.cl/legislacion/sala_sesiones/votacion_detalle.aspx?prmIdVotacion=32534"
"Cristóbal Urruticoechea Ríos";"A favor";"https://www.camara.cl/legislacion/sala_sesiones/votacion_detalle.aspx?prmIdVotacion=32534"
"Enrique Van Rysselberghe Herrera";"A favor";"https://www.camara.cl/legislacion/sala_sesiones/votacion_detalle.aspx?prmIdVotacion=32534"
"Daniel Verdessi Belemmi";"A favor";"https://www.camara.cl/legislacion/sala_sesiones/votacion_detalle.aspx?prmIdVotacion=32534"
"Gastón Von Mühlenbrock Zamora";"A favor";"https://www.camara.cl/legislacion/sala_sesiones/votacion_detalle.aspx?prmIdVotacion=32534"
"Matías Walker Prieto";"A favor";"https://www.camara.cl/legislacion/sala_sesiones/votacion_detalle.aspx?prmIdVotacion=32534"
"Florcita Alarcón Rojas";"En contra";"https://www.camara.cl/legislacion/sala_sesiones/votacion_detalle.aspx?prmIdVotacion=32534"
"René Alinco Bustos";"En contra";"https://www.camara.cl/legislacion/sala_sesiones/votacion_detalle.aspx?prmIdVotacion=32534"
"Jenny Álvarez Vera";"En contra";"https://www.camara.cl/legislacion/sala_sesiones/votacion_detalle.aspx?prmIdVotacion=32534"
"Boris Barrera Moreno";"En contra";"https://www.camara.cl/legislacion/sala_sesiones/votacion_detalle.aspx?prmIdVotacion=32534"
"Alejandro Bernales Maldonado";"En contra";"https://www.camara.cl/legislacion/sala_sesiones/votacion_detalle.aspx?prmIdVotacion=32534"
"Karim Bianchi Retamales";"En contra";"https://www.camara.cl/legislacion/sala_sesiones/votacion_detalle.aspx?prmIdVotacion=32534"
"Gabriel Boric Font";"En contra";"https://www.camara.cl/legislacion/sala_sesiones/votacion_detalle.aspx?prmIdVotacion=32534"
"Jorge Brito Hasbún";"En contra";"https://www.camara.cl/legislacion/sala_sesiones/votacion_detalle.aspx?prmIdVotacion=32534"
"Karol Cariola Oliva";"En contra";"https://www.camara.cl/legislacion/sala_sesiones/votacion_detalle.aspx?prmIdVotacion=32534"
"Loreto Carvajal Ambiado";"En contra";"https://www.camara.cl/legislacion/sala_sesiones/votacion_detalle.aspx?prmIdVotacion=32534"
"Natalia Castillo Muñoz";"En contra";"https://www.camara.cl/legislacion/sala_sesiones/votacion_detalle.aspx?prmIdVotacion=32534"
"Juan Luis Castro González";"En contra";"https://www.camara.cl/legislacion/sala_sesiones/votacion_detalle.aspx?prmIdVotacion=32534"
"Ricardo Celis Araya";"En contra";"https://www.camara.cl/legislacion/sala_sesiones/votacion_detalle.aspx?prmIdVotacion=32534"
"Daniella Cicardini Milla";"En contra";"https://www.camara.cl/legislacion/sala_sesiones/votacion_detalle.aspx?prmIdVotacion=32534"
"Miguel Crispi Serrano";"En contra";"https://www.camara.cl/legislacion/sala_sesiones/votacion_detalle.aspx?prmIdVotacion=32534"
"Marcelo Díaz Díaz";"En contra";"https://www.camara.cl/legislacion/sala_sesiones/votacion_detalle.aspx?prmIdVotacion=32534"
"Fidel Espinoza Sandoval";"En contra";"https://www.camara.cl/legislacion/sala_sesiones/votacion_detalle.aspx?prmIdVotacion=32534"
"Maya Fernández Allende";"En contra";"https://www.camara.cl/legislacion/sala_sesiones/votacion_detalle.aspx?prmIdVotacion=32534"
"Iván Flores García";"En contra";"https://www.camara.cl/legislacion/sala_sesiones/votacion_detalle.aspx?prmIdVotacion=32534"
"Renato Garín González";"En contra";"https://www.camara.cl/legislacion/sala_sesiones/votacion_detalle.aspx?prmIdVotacion=32534"
"Cristina Girardi Lavín";"En contra";"https://www.camara.cl/legislacion/sala_sesiones/votacion_detalle.aspx?prmIdVotacion=32534"
"Félix González Gatica";"En contra";"https://www.camara.cl/legislacion/sala_sesiones/votacion_detalle.aspx?prmIdVotacion=32534"
"Rodrigo González Torres";"En contra";"https://www.camara.cl/legislacion/sala_sesiones/votacion_detalle.aspx?prmIdVotacion=32534"
"Hugo Gutiérrez Gálvez";"En contra";"https://www.camara.cl/legislacion/sala_sesiones/votacion_detalle.aspx?prmIdVotacion=32534"
"Marcela Hernando Pérez";"En contra";"https://www.camara.cl/legislacion/sala_sesiones/votacion_detalle.aspx?prmIdVotacion=32534"
"Carmen Hertz Cádiz";"En contra";"https://www.camara.cl/legislacion/sala_sesiones/votacion_detalle.aspx?prmIdVotacion=32534"
"Tomás Hirsch Goldschmidt";"En contra";"https://www.camara.cl/legislacion/sala_sesiones/votacion_detalle.aspx?prmIdVotacion=32534"
"Diego Ibáñez Cotroneo";"En contra";"https://www.camara.cl/legislacion/sala_sesiones/votacion_detalle.aspx?prmIdVotacion=32534"
"Marcos Ilabaca Cerda";"En contra";"https://www.camara.cl/legislacion/sala_sesiones/votacion_detalle.aspx?prmIdVotacion=32534"
"Giorgio Jackson Drago";"En contra";"https://www.camara.cl/legislacion/sala_sesiones/votacion_detalle.aspx?prmIdVotacion=32534"
"Pamela Jiles Moreno";"En contra";"https://www.camara.cl/legislacion/sala_sesiones/votacion_detalle.aspx?prmIdVotacion=32534"
"Tucapel Jiménez Fuentes";"En contra";"https://www.camara.cl/legislacion/sala_sesiones/votacion_detalle.aspx?prmIdVotacion=32534"
"Raúl Leiva Carvajal";"En contra";"https://www.camara.cl/legislacion/sala_sesiones/votacion_detalle.aspx?prmIdVotacion=32534"
"Carolina Marzán Pinto";"En contra";"https://www.camara.cl/legislacion/sala_sesiones/votacion_detalle.aspx?prmIdVotacion=32534"
"Cosme Mellado Pino";"En contra";"https://www.camara.cl/legislacion/sala_sesiones/votacion_detalle.aspx?prmIdVotacion=32534"
"Vlado Mirosevic Verdugo";"En contra";"https://www.camara.cl/legislacion/sala_sesiones/votacion_detalle.aspx?prmIdVotacion=32534"
"Claudia Mix Jiménez";"En contra";"https://www.camara.cl/legislacion/sala_sesiones/votacion_detalle.aspx?prmIdVotacion=32534"
"Manuel Monsalve Benavides";"En contra";"https://www.camara.cl/legislacion/sala_sesiones/votacion_detalle.aspx?prmIdVotacion=32534"
"Jaime Mulet Martínez";"En contra";"https://www.camara.cl/legislacion/sala_sesiones/votacion_detalle.aspx?prmIdVotacion=32534"
"Jaime Naranjo Ortiz";"En contra";"https://www.camara.cl/legislacion/sala_sesiones/votacion_detalle.aspx?prmIdVotacion=32534"
"Daniel Núñez Arancibia";"En contra";"https://www.camara.cl/legislacion/sala_sesiones/votacion_detalle.aspx?prmIdVotacion=32534"
"Emilia Nuyado Ancapichún";"En contra";"https://www.camara.cl/legislacion/sala_sesiones/votacion_detalle.aspx?prmIdVotacion=32534"
"Maite Orsini Pascal";"En contra";"https://www.camara.cl/legislacion/sala_sesiones/votacion_detalle.aspx?prmIdVotacion=32534"
"Andrea Parra Sauterel";"En contra";"https://www.camara.cl/legislacion/sala_sesiones/votacion_detalle.aspx?prmIdVotacion=32534"
"Catalina Pérez Salinas";"En contra";"https://www.camara.cl/legislacion/sala_sesiones/votacion_detalle.aspx?prmIdVotacion=32534"
"Luis Rocafull López";"En contra";"https://www.camara.cl/legislacion/sala_sesiones/votacion_detalle.aspx?prmIdVotacion=32534"
"Camila Rojas Valderrama";"En contra";"https://www.camara.cl/legislacion/sala_sesiones/votacion_detalle.aspx?prmIdVotacion=32534"
"Gastón Saavedra Chandía";"En contra";"https://www.camara.cl/legislacion/sala_sesiones/votacion_detalle.aspx?prmIdVotacion=32534"
"René Saffirio Espinoza";"En contra";"https://www.camara.cl/legislacion/sala_sesiones/votacion_detalle.aspx?prmIdVotacion=32534"
"Raúl Saldívar Auger";"En contra";"https://www.camara.cl/legislacion/sala_sesiones/votacion_detalle.aspx?prmIdVotacion=32534"
"Juan Santana Castillo";"En contra";"https://www.camara.cl/legislacion/sala_sesiones/votacion_detalle.aspx?prmIdVotacion=32534"
"Marisela Santibáñez Novoa";"En contra";"https://www.camara.cl/legislacion/sala_sesiones/votacion_detalle.aspx?prmIdVotacion=32534"
"Marcelo Schilling Rodríguez";"En contra";"https://www.camara.cl/legislacion/sala_sesiones/votacion_detalle.aspx?prmIdVotacion=32534"
"Alejandra Sepúlveda Orbenes";"En contra";"https://www.camara.cl/legislacion/sala_sesiones/votacion_detalle.aspx?prmIdVotacion=32534"
"Alexis Sepúlveda Soto";"En contra";"https://www.camara.cl/legislacion/sala_sesiones/votacion_detalle.aspx?prmIdVotacion=32534"
"Leonardo Soto Ferrada";"En contra";"https://www.camara.cl/legislacion/sala_sesiones/votacion_detalle.aspx?prmIdVotacion=32534"
"Raúl Soto Mardones";"En contra";"https://www.camara.cl/legislacion/sala_sesiones/votacion_detalle.aspx?prmIdVotacion=32534"
"Jaime Tohá González";"En contra";"https://www.camara.cl/legislacion/sala_sesiones/votacion_detalle.aspx?prmIdVotacion=32534"
"Víctor Torres Jeldes";"En contra";"https://www.camara.cl/legislacion/sala_sesiones/votacion_detalle.aspx?prmIdVotacion=32534"
"Camila Vallejo Dowling";"En contra";"https://www.camara.cl/legislacion/sala_sesiones/votacion_detalle.aspx?prmIdVotacion=32534"
"Esteban Velásquez Núñez";"En contra";"https://www.camara.cl/legislacion/sala_sesiones/votacion_detalle.aspx?prmIdVotacion=32534"
"Pedro Velásquez Seguel";"En contra";"https://www.camara.cl/legislacion/sala_sesiones/votacion_detalle.aspx?prmIdVotacion=32534"
"Mario Venegas Cárdenas";"En contra";"https://www.camara.cl/legislacion/sala_sesiones/votacion_detalle.aspx?prmIdVotacion=32534"
"Pablo Vidal Rojas";"En contra";"https://www.camara.cl/legislacion/sala_sesiones/votacion_detalle.aspx?prmIdVotacion=32534"
"Gonzalo Winter Etcheberry";"En contra";"https://www.camara.cl/legislacion/sala_sesiones/votacion_detalle.aspx?prmIdVotacion=32534"
"Gael Yeomans Araya";"En contra";"https://www.camara.cl/legislacion/sala_sesiones/votacion_detalle.aspx?prmIdVotacion=32534"
